like1,like2,parFFf,paralpha,parbeta,parQQf,pargamma,park,chain
5.1070676,1.0212669,0.30606598,0.17106576,0.8092545,0.57307714,0.3390998,2.1941102,1.0
5.0867405,1.0935102,0.29664925,0.57980657,0.024866315,0.919083,0.83864,1.8022226,1.0
1.5147357,1.5612667,0.6743195,0.43594003,0.41884068,0.758308,0.6085097,1.3980094,1.0
1.964083,1.0412128,0.6536779,0.03174419,0.7106351,0.31285632,0.09676792,3.128707,1.0
5.4690723,1.2561812,0.26996905,0.9188732,0.9836855,0.6426358,0.36341825,3.1217725,1.0
4.2596626,1.5743256,0.37529397,0.67254114,0.38618425,0.9658324,0.36568576,4.238106,1.0
1.4257134,1.1398109,0.7329064,0.6633798,0.35430318,0.32408446,0.56510776,1.0544329,1.0
3.6077464,1.0474212,0.46531913,0.8782726,0.32752204,0.46853524,0.35314816,3.932642,1.0
1.4714777,1.014491,0.72275627,0.2815895,0.92655736,0.4124409,0.4595483,3.0651796,1.0
5.696073,1.205071,0.24612531,0.45868355,0.04447336,0.22230999,0.86648434,3.4027805,1.0
1.0722787,1.0584022,0.8235843,0.19887315,0.65371394,0.26755416,0.8169096,2.3163655,1.0
4.3425183,0.8781302,0.3856758,0.7585333,0.5054488,0.51872164,0.81043226,4.5379815,1.0
1.4293846,1.1154236,0.7321744,0.7327066,0.9211042,0.24493413,0.10646087,2.4831915,1.0
0.84841555,0.47939712,0.8176094,0.25155872,0.7758724,0.68541074,0.5555039,2.8359811,1.0
1.6562623,1.2437347,0.65306365,0.66467506,0.030270508,0.7262153,0.7366654,3.2596152,1.0
2.5821936,0.6468677,0.5734705,0.61782664,0.28098464,0.553242,0.9746297,1.7915072,1.0
4.6978397,0.9596145,0.33965978,0.525886,0.47206172,0.7147885,0.59684354,4.324534,1.0
5.458614,1.0268118,0.2624299,0.16196246,0.367116,0.83361113,0.30103722,2.9810205,1.0
3.2930949,1.1706705,0.5004705,0.97203934,0.4257065,0.23521066,0.57587445,2.2999578,1.0
6.0615406,1.2596523,0.20794794,0.25740507,0.6779872,0.24576002,0.39539436,4.8428774,1.0
5.847982,1.3817567,0.23039405,0.2659518,0.059646733,0.10714534,0.9375661,3.521547,1.0
2.7082312,1.6960528,0.54075164,0.3716372,0.20387113,0.71129185,0.7428522,2.1829793,1.0
3.6660724,1.1431559,0.45997626,0.21628381,0.6616206,0.22654913,0.63410085,3.512974,1.0
4.0365467,0.8724901,0.4181286,0.2477792,0.9318948,0.50071627,0.9073793,4.421403,1.0
2.0259626,2.9205532,0.60590357,0.05602797,0.49914962,0.7689129,0.6132419,4.957898,1.0
4.2135863,2.0612988,0.37879,0.10495406,0.4518266,0.8418715,0.45164293,2.7597067,1.0
2.710199,1.0707785,0.5644091,0.948209,0.3789466,0.45069125,0.4538596,4.9476857,1.0
1.059328,1.0807699,0.86666703,0.27889523,0.8136583,0.24606477,0.60969484,3.7923105,1.0
3.8447437,1.5591772,0.41809604,0.55695534,0.77609634,0.9468134,0.8825628,3.3519723,1.0
5.7750654,0.99627185,0.23657413,0.79511184,0.7601709,0.56641406,0.70559394,4.041254,1.0
1.085215,0.8147671,0.78727025,0.7939304,0.3393733,0.56404066,0.6699555,4.1778297,1.0
5.8627205,1.200882,0.22867504,0.5628518,0.6163701,0.2442957,0.8538645,1.5737886,1.0
3.8645558,0.95638645,0.43714386,0.45219722,0.12092738,0.4709637,0.5800676,1.9887186,1.0
4.488959,1.8482319,0.3555767,0.20837669,0.6180199,0.88791746,0.7829608,3.688976,1.0
4.665703,0.9745784,0.35243624,0.010861509,0.6830694,0.51245284,0.05782535,4.2869062,1.0
2.3738453,3.7674956,0.5610443,0.15506175,0.68293285,0.8905292,0.5559734,2.0175407,1.0
1.5147935,1.12567,0.71801615,0.7267985,0.5788252,0.19390894,0.5828397,1.7618127,1.0
1.0974888,1.0262823,0.786742,0.41301984,0.43231288,0.59939647,0.43381634,1.5062011,1.0
2.8975575,2.4169056,0.50743943,0.67575186,0.9673193,0.9437658,0.64429814,3.0097373,1.0
1.2079976,1.095431,0.7759279,0.9711653,0.9174786,0.2962034,0.79007214,3.7725918,1.0
0.6013254,0.5795907,0.8781799,0.5691708,0.014784529,0.9533213,0.01316452,3.868654,1.0
5.9479,1.1564649,0.21967214,0.5514366,0.5881166,0.2766028,0.9832857,3.9665534,1.0
2.8511662,0.90572286,0.5465197,0.97176653,0.17295437,0.48073277,0.927342,2.897324,1.0
3.211033,0.8848591,0.5089279,0.6105036,0.9918979,0.9152504,0.12931754,4.8427935,1.0
3.7512007,1.5183436,0.42731532,0.94972664,0.5000027,0.9724881,0.28641653,3.6376116,1.0
1.8158987,0.9115096,0.67054725,0.110098965,0.111374035,0.43507424,0.9552475,2.4993017,1.0
6.0816565,1.3044611,0.20589213,0.10954694,0.3267795,0.18846162,0.6018041,1.4714708,1.0
3.1543872,0.972973,0.5141338,0.4730137,0.26062557,0.41515288,0.23982811,4.646049,1.0
5.7600346,1.083868,0.2390405,0.3897626,0.8737304,0.39951047,0.7626532,2.402469,1.0
4.517509,0.8630769,0.36709228,0.28436214,0.16269863,0.5209952,0.36575916,3.6549237,1.0
1.3377798,1.2066244,0.7490772,0.2463334,0.45403796,0.10638201,0.53298,4.4547625,1.0
1.4090844,2.370232,0.66818744,0.893525,0.24609499,0.9072613,0.6228262,2.7178187,1.0
3.8573253,1.2355258,0.4397374,0.43671188,0.41707373,0.15400025,0.16417499,1.576303,1.0
1.2245166,1.1846806,0.7731586,0.2091954,0.8231216,0.12628616,0.0022229808,1.7563932,1.0
3.7689996,1.8630203,0.42880595,0.0030465806,0.113148175,0.94002485,0.43589887,4.288422,1.0
2.4946692,2.1249626,0.5546685,0.5324047,0.42051038,0.9579679,0.7678166,3.0269406,1.0
0.70032674,5.36247,0.89545876,0.083176,0.07917669,0.8557852,0.7797921,1.3356663,1.0
2.639244,0.9138682,0.5689875,0.29674885,0.39001867,0.5361817,0.7273461,1.7024112,1.0
1.0328813,0.88250995,0.8101945,0.75390834,0.2413083,0.54498965,0.8346878,1.4422679,1.0
0.84404707,4.633949,0.75809103,0.22826338,0.57988656,0.88230336,0.47011518,1.6998185,1.0
3.2609181,2.9201787,0.47572622,0.0017417045,0.42537132,0.88259095,0.37652868,1.1744243,1.0
0.98872817,1.0164806,0.9016459,0.35492745,0.9198124,0.69620854,0.028230183,3.143267,1.0
1.025602,1.0260624,0.95752233,0.8921876,0.45248178,0.54425836,0.01017005,3.1427958,1.0
1.0382466,0.997552,0.8521056,0.7725262,0.8732625,0.42790848,0.8257341,1.5369822,1.0
0.9782787,0.5645517,0.77374697,0.2991478,0.58938587,0.6984536,0.29587469,2.3243723,1.0
5.862065,0.9980585,0.22716825,0.43515134,0.34632966,0.53984255,0.399724,3.9171205,1.0
5.6836824,1.2418035,0.24748094,0.8397234,0.35491034,0.28013897,0.2768359,4.70886,1.0
5.831018,1.0141318,0.22844517,0.40464196,0.35203275,0.696606,0.087752305,3.8282459,1.0
3.6768756,0.6716379,0.44509572,0.9069021,0.46484783,0.7832868,0.5263277,4.3669233,1.0
1.0520802,1.0361953,0.84641784,0.024773913,0.6747926,0.30243713,0.9711439,1.6098452,1.0
1.1266817,0.8725261,0.78152645,0.64238095,0.6578026,0.51955205,0.7470816,2.6400714,1.0
1.0523646,1.0421318,0.84390634,0.9474405,0.7304982,0.3538706,0.79726756,1.9878837,1.0
4.777373,1.6525061,0.32449457,0.1923593,0.051401272,0.8131476,0.48062515,3.166616,1.0
1.0468079,1.0415365,0.9228205,0.3933774,0.9595318,0.3659118,0.77690935,4.8697624,1.0
2.4751546,1.070436,0.5889458,0.81854075,0.72687197,0.69947934,0.11793457,4.1959634,1.0
1.068164,1.2047387,0.8708747,0.055580467,0.21625707,0.124501124,0.27257794,1.2394661,1.0
4.6796613,1.2483178,0.33746815,0.052213587,0.5964124,0.77292484,0.42987204,4.9129486,1.0
3.1399794,0.6990255,0.5087805,0.44146907,0.3920688,0.6536161,0.14257658,4.704718,1.0
2.9572494,1.6429573,0.5079517,0.94687706,0.8135181,0.83876055,0.7469243,4.9961925,1.0
5.7221026,1.0871023,0.24297097,0.9982855,0.01323149,0.55353355,0.7311687,2.4063997,1.0
3.3269854,1.9217669,0.47798264,0.18985496,0.030181453,0.67642975,0.9643231,3.818343,1.0
2.4068208,3.7122436,0.5596569,0.21065988,0.5884916,0.84994453,0.9009058,4.719705,1.0
1.552729,0.44380888,0.68744206,0.1469474,0.42299166,0.66777754,0.588572,2.2447984,1.0
0.9618642,0.7817872,0.93247956,0.6114784,0.80900925,0.5596781,0.92572826,4.7374797,1.0
0.67301416,2.9470234,0.863805,0.4607265,0.06276343,0.98371977,0.71621275,1.2955525,1.0
2.1307852,1.890855,0.5964209,0.7054451,0.7663519,0.7448216,0.91520584,1.0520728,1.0
2.4028504,1.0501504,0.6000483,0.5430628,0.20362283,0.303557,0.3394753,2.298997,1.0
1.2737802,0.6687862,0.731949,0.4085527,0.6616592,0.6851542,0.1873286,4.9916835,1.0
1.5302745,3.0833826,0.6577073,0.40192974,0.88971925,0.96274716,0.54641736,1.0482477,1.0
1.7115587,0.57988065,0.6614313,0.8151398,0.36092365,0.9122261,0.1562355,3.4868476,1.0
2.964389,1.1356417,0.5365408,0.9685345,0.018480644,0.33082342,0.038276136,3.963366,1.0
5.450224,1.3110535,0.2720163,0.9131485,0.44799182,0.17222959,0.40802214,3.294719,1.0
5.789682,1.0592842,0.23309621,0.41744965,0.3441216,0.85330766,0.6051562,2.760256,1.0
2.093574,1.017807,0.6370048,0.09388756,0.63057184,0.34549156,0.054370627,4.9090157,1.0
1.4067458,0.9509278,0.7316464,0.28178948,0.46004367,0.40983137,0.61972433,2.707259,1.0
2.9841983,2.5159984,0.50116944,0.39683914,0.82569194,0.95141953,0.5906123,4.220083,1.0
3.4295585,2.3417492,0.46346503,0.08917857,0.3637994,0.80464023,0.51225847,1.2126107,1.0
4.0507436,2.316615,0.39392146,0.39137936,0.4006986,0.861529,0.77606666,4.9807014,1.0
2.848609,0.8620962,0.54095626,0.2282386,0.35618097,0.642888,0.40890703,1.8692392,1.0
1.5761591,0.81096816,0.69394165,0.49174517,0.20600286,0.6247436,0.28864238,2.161828,1.0
2.9488344,0.9490632,0.53293115,0.28595388,0.85650504,0.6924735,0.13772418,4.0926304,1.0
1.5343521,0.6495844,0.6989094,0.54592544,0.29532444,0.61943007,0.44380945,3.3592649,1.0
4.1171703,0.9181541,0.4102637,0.10476056,0.014722684,0.4600316,0.34023657,3.8328562,1.0
1.0639944,1.2021462,0.95776933,0.62489164,0.40500277,0.19176617,0.3528522,3.935387,1.0
0.60580975,1.4365481,0.957538,0.6304038,0.8715165,0.73239905,0.7932876,1.1396996,1.0
1.6205634,2.5933106,0.641925,0.9496653,0.40044737,0.92594653,0.87464386,4.770876,1.0
1.0888782,1.0522137,0.8133588,0.14055167,0.73050183,0.28485656,0.19085439,3.608761,1.0
2.8777025,1.0010777,0.5450381,0.728059,0.5222128,0.3951936,0.5613508,3.4817615,1.0
4.947614,1.3529515,0.32473904,0.089571595,0.83906245,0.12463279,0.35942605,1.003666,1.0
5.3950553,0.8318194,0.27500418,0.6645788,0.8077856,0.5457351,0.90910137,2.2365506,1.0
4.9933004,1.0157323,0.30774823,0.898403,0.40581033,0.825954,0.64892715,3.6402566,1.0
3.9731958,1.2040282,0.4273193,0.045289617,0.8593035,0.1790939,0.983988,4.309234,1.0
1.0541342,1.0959065,0.9739534,0.4810727,0.6813622,0.34982932,0.6310357,1.5622579,1.0
5.042426,1.2764062,0.31474972,0.29064,0.976166,0.26158214,0.077715956,1.6961575,1.0
0.71358585,5.390272,0.9397063,0.07098076,0.34563276,0.87444156,0.8326541,2.1662714,1.0
4.869764,1.028698,0.3316782,0.31720167,0.22036383,0.44843626,0.738019,1.5544949,1.0
1.4172515,0.8310171,0.71935356,0.4399991,0.64376295,0.6224463,0.2438148,2.344733,1.0
0.7244849,3.6824057,0.82050776,0.42096597,0.54375744,0.7925627,0.7582926,4.2737947,1.0
2.5186393,0.6802032,0.5615664,0.20349921,0.16435699,0.7560655,0.14313263,2.2671003,1.0
4.8122983,1.2563226,0.33881363,0.63328075,0.33672607,0.17361408,0.280885,2.4226644,1.0
1.5283092,0.3284341,0.6897116,0.42501372,0.31298545,0.6501778,0.84510547,2.8761637,1.0
1.0547113,1.0494319,0.84881586,0.21436387,0.18053684,0.28301117,0.46670964,3.3597553,1.0
5.4880095,1.1993698,0.26788658,0.4982222,0.06310455,0.23896034,0.25264934,4.0928526,1.0
0.66522515,0.25343534,0.8078974,0.17817369,0.7166987,0.9311908,0.1351353,1.4841604,1.0
4.2167106,0.9910126,0.40055993,0.6069141,0.10158766,0.37275288,0.9737923,1.8975296,1.0
0.76890534,0.22180188,0.83543354,0.29779905,0.73977196,0.73328865,0.5349272,1.695925,1.0
1.1370243,4.767042,0.7080531,0.022584198,0.2986503,0.8367646,0.56596774,1.0379977,1.0
6.0021844,1.1314642,0.2136497,0.65890366,0.5384064,0.44472763,0.74227494,3.1564412,1.0
1.391755,1.0499903,0.7374449,0.2565795,0.73131436,0.28507993,0.42911494,2.795073,1.0
4.2753234,1.258676,0.39547712,0.9139101,0.9861301,0.2502015,0.09415701,4.622234,1.0
1.9432385,1.1065798,0.65706414,0.85651594,0.6873127,0.21899058,0.88785666,3.7656353,1.0
2.5732684,0.943422,0.57887244,0.6191085,0.097276114,0.405247,0.84889275,3.8828418,1.0
1.0210776,0.9872018,0.8509982,0.86888844,0.7518893,0.5679755,0.49044192,4.6840634,1.0
2.5976427,2.8766136,0.5488246,0.0064788423,0.4572205,0.92505515,0.6607415,2.7808697,1.0
1.3624972,1.1180336,0.7438934,0.7125523,0.82586384,0.20226635,0.5864773,2.6577017,1.0
2.954911,2.228174,0.50211334,0.8962009,0.62423956,0.9450736,0.7627403,2.495365,1.0
0.8900777,0.6101292,0.8827423,0.6042284,0.37929127,0.8450906,0.13059758,1.240651,1.0
3.5828846,1.6904867,0.44329584,0.96321386,0.02278933,0.8663214,0.76497334,4.499415,1.0
1.7771364,1.1361074,0.67933506,0.63546085,0.87063456,0.57063633,0.4081647,1.0174376,1.0
2.6817038,0.52518225,0.5500318,0.13782527,0.16199723,0.7164999,0.17550838,2.0155663,1.0
5.8367734,1.0938901,0.2310191,0.40872538,0.40470657,0.4051695,0.1934171,2.597108,1.0
3.2003052,1.0844582,0.49174422,0.7257501,0.8662029,0.7758145,0.5867339,1.063256,1.0
0.6830452,2.2012844,0.8987268,0.98436004,0.18538573,0.8557396,0.77538896,2.6703289,1.0
5.760324,1.1241308,0.23497492,0.37364408,0.49828365,0.9359614,0.24410005,1.5273974,1.0
1.1856598,1.330799,0.71349305,0.69776416,0.8848297,0.70324093,0.940747,2.5381305,1.0
1.2153301,0.6720824,0.7554503,0.7011041,0.5936901,0.55758166,0.960003,4.2603946,1.0
2.4258468,2.3449278,0.55877024,0.7166014,0.62227273,0.8338104,0.7788233,4.7440057,1.0
5.2084603,0.9941098,0.29588452,0.5204453,0.4117822,0.49744684,0.31735945,2.598583,1.0
1.362553,2.3768325,0.6808984,0.33235678,0.38708824,0.8394864,0.39990306,2.6052496,1.0
3.8942337,1.1429936,0.43441856,0.9205464,0.603855,0.70738703,0.24979399,2.4435284,1.0
1.5049887,2.796012,0.6643416,0.41035697,0.3284166,0.91585284,0.94615537,1.9323357,1.0
1.266108,1.6369972,0.69460225,0.7939499,0.48096812,0.7954667,0.7023422,2.1236336,1.0
3.3952293,1.1706084,0.48930264,0.6314518,0.26930913,0.29998463,0.67553324,1.0984782,1.0
4.819386,1.1559018,0.33673826,0.5894072,0.80537015,0.6151928,0.2352074,1.371154,1.0
2.603364,1.0545152,0.57674944,0.9850839,0.012925297,0.3164452,0.91345656,4.332331,1.0
0.69236535,2.9871857,0.9082206,0.94588035,0.6563655,0.95585245,0.9246211,2.5067003,1.0
1.1473017,0.9926597,0.78474194,0.56876343,0.3223382,0.46882406,0.06937808,1.7079071,1.0
0.61885715,1.7630419,0.8615733,0.96029705,0.2407203,0.8665445,0.602641,3.1020014,1.0
1.4287834,3.3356268,0.6624675,0.32652137,0.29906225,0.92692786,0.36927992,2.4820788,1.0
1.0363867,1.0081615,0.9194374,0.8453702,0.16059156,0.41419524,0.2053977,2.592035,1.0
4.358698,1.0619003,0.38598803,0.2871779,0.9463468,0.32701063,0.95415604,3.1988423,1.0
2.9956846,1.0569644,0.53040344,0.4135767,0.8827999,0.6686613,0.0097214915,2.973295,1.0
4.6162877,1.1577904,0.3591264,0.95274645,0.2722453,0.36482438,0.60620123,3.287141,1.0
1.9623986,0.54216033,0.6319319,0.32259023,0.7733543,0.7567306,0.38746628,2.230462,1.0
1.0408691,0.998501,0.89523256,0.21186192,0.79689765,0.38152617,0.6891439,2.44928,1.0
2.3679252,1.2460748,0.57234544,0.6121288,0.3991213,0.85543627,0.35096547,3.326582,1.0
5.4675174,0.9046142,0.26854157,0.7006695,0.8010172,0.48623294,0.925865,1.2527468,1.0
2.6955783,1.0006933,0.56556547,0.6384936,0.65964544,0.38874856,0.5944045,3.901406,1.0
4.1684494,1.1562127,0.40647367,0.83288944,0.33823058,0.2368737,0.7501407,4.713413,1.0
0.8540505,0.3556106,0.77420735,0.84635025,0.13332474,0.9305189,0.16498612,3.2590327,1.0
0.68057907,0.4536254,0.9234779,0.78380376,0.5703044,0.7682763,0.5824198,1.1197704,1.0
5.0525656,1.3475279,0.31369814,0.7643077,0.7162681,0.10483067,0.046309937,1.8828465,1.0
1.0560201,1.0551026,0.8774743,0.679745,0.06954109,0.28863317,0.4111801,2.3937087,1.0
0.7260335,0.18625313,0.92391133,0.22578865,0.93200153,0.8907009,0.24184547,2.150583,1.0
2.7160516,0.5736402,0.55547833,0.63829273,0.53085184,0.62418854,0.7720727,3.495838,1.0
5.9338875,1.0673807,0.21985519,0.74958575,0.3734974,0.56825256,0.58364046,2.5659301,1.0
2.0289733,0.7323309,0.62454295,0.510766,0.6353643,0.8562879,0.0710428,2.3451376,1.0
5.7319784,0.9623016,0.23773246,0.63548905,0.5101987,0.73527753,0.49307954,1.3672338,1.0
2.7848773,1.1822429,0.55689305,0.86650544,0.84366524,0.40376085,0.29681522,1.0347496,1.0
2.5279305,2.810851,0.5531991,0.32660925,0.5977912,0.76145566,0.7421653,3.3811936,1.0
2.2188516,3.9141858,0.5799472,0.07970393,0.25915322,0.8154205,0.6564003,2.9847999,1.0
0.5947107,1.1454607,0.9135046,0.6488099,0.5905976,0.7055563,0.8739531,4.311721,1.0
1.9662321,0.90396446,0.6186231,0.6951925,0.44395244,0.85241234,0.35224068,3.6839619,1.0
2.9596133,0.8233678,0.53084654,0.69518757,0.30189618,0.6120961,0.6695294,1.7471232,1.0
0.5949781,1.5575465,0.8942071,0.75206345,0.17139474,0.71525574,0.99478024,1.0271522,1.0
1.0221404,0.99420494,0.9223253,0.14479193,0.9217043,0.5061218,0.32551926,2.2740552,1.0
1.265393,1.1570618,0.76357967,0.64454097,0.62547934,0.1539365,0.6156089,3.9597042,1.0
3.3321917,1.124792,0.4959491,0.024219071,0.8089278,0.29154584,0.7912568,1.233226,1.0
1.1614963,1.0950246,0.7885235,0.08177426,0.8054942,0.21909794,0.71979487,4.1888947,1.0
2.0066018,2.9352312,0.5967262,0.51723737,0.19453123,0.9084027,0.5349716,1.4667054,1.0
0.7000308,0.8200139,0.8011932,0.17967892,0.26965737,0.73397225,0.5505191,2.0489209,1.0
0.7487209,3.2342196,0.97463447,0.62955064,0.97596586,0.8697227,0.8858916,3.6870606,1.0
0.9665403,0.6967555,0.7877548,0.58508444,0.022969289,0.6814091,0.17235294,2.1585906,1.0
1.0687972,1.1951287,0.86142796,0.9940134,0.9109132,0.19202206,0.49011147,2.573947,1.0
3.4661782,2.1697872,0.45218095,0.27503064,0.50070286,0.9812398,0.16062964,1.9798566,1.0
4.1986747,0.7095821,0.39273027,0.37479562,0.7594787,0.9809041,0.082573004,1.9086751,1.0
4.0491657,1.230736,0.4193101,0.7872923,0.27498484,0.41877356,0.027717285,1.0635684,1.0
0.79650086,0.48246455,0.8202634,0.42098007,0.09898661,0.7357914,0.18103497,1.820692,1.0
3.8095608,1.1757408,0.44475013,0.5845117,0.84229344,0.24257591,0.089553945,2.78696,1.0
4.5298314,0.8512135,0.36612454,0.44912374,0.35525572,0.49526095,0.85244536,3.496979,1.0
1.1251956,1.0869681,0.79999995,0.86277264,0.75808495,0.24557415,0.6882153,3.3236394,1.0
1.5975119,0.9322004,0.70088077,0.34119588,0.60147774,0.45866767,0.27236181,4.5173206,1.0
1.0726817,1.1788733,0.8309541,0.22585987,0.59157234,0.13053857,0.38310382,4.4171414,1.0
3.9584267,1.2065372,0.42896664,0.49683866,0.97387296,0.35644004,0.024978133,4.69275,1.0
2.770897,2.5520244,0.5340769,0.20032234,0.29205006,0.9564905,0.5638539,1.3228713,1.0
0.9935319,0.9827976,0.8274871,0.49312642,0.0044854144,0.5803742,0.354549,1.6924783,1.0
6.10683,1.4232088,0.20434803,0.21264262,0.20376574,0.8190468,0.17929395,3.0330625,1.0
5.1235323,0.8260496,0.29988918,0.9183721,0.048761934,0.7740754,0.47026765,2.9830763,1.0
5.449399,1.3635702,0.2721589,0.9989252,0.53147125,0.18374503,0.613935,4.604541,1.0
1.3053393,0.5395551,0.7300123,0.22896726,0.012040115,0.62567955,0.6655427,2.6271732,1.0
0.7784233,0.2923766,0.9226016,0.66274244,0.50224733,0.6808177,0.7108137,2.6766062,1.0
2.5620584,2.3388295,0.54163504,0.87963325,0.6210636,0.9564252,0.5723728,3.347852,1.0
1.7940887,1.1441765,0.6771764,0.8231161,0.022962213,0.17751768,0.26034436,4.4919143,1.0
5.9014664,1.225798,0.22191882,0.7527518,0.4609527,0.9338526,0.2000918,1.986539,1.0
5.2759233,1.0144496,0.28886324,0.3758821,0.4042497,0.48745856,0.72692657,1.4464921,1.0
1.1941468,1.0573951,0.778573,0.35090345,0.30668718,0.2768508,0.3613778,1.9558668,1.0
1.1056775,1.0471948,0.7187741,0.6081194,0.30864084,0.78850466,0.47159648,3.2147791,1.0
2.3895838,1.0150472,0.60121274,0.5960917,0.03655431,0.34901613,0.14722846,4.9324718,1.0
4.126244,0.6945702,0.40050772,0.21921276,0.2655594,0.7664788,0.2224679,1.586254,1.0
1.9158409,2.8215818,0.60891646,0.42617574,0.38660783,0.95013654,0.32712853,4.1720123,1.0
0.62922895,0.2714871,0.8970507,0.72072625,0.52075106,0.7817482,0.4599026,4.7061906,1.0
2.4015718,3.9461384,0.5589189,0.13926613,0.8820518,0.80479515,0.92242855,3.686542,1.0
3.2038348,1.1767714,0.5101077,0.27036598,0.9853199,0.51075804,0.21224827,4.0245547,1.0
2.1881201,0.86246353,0.621331,0.81053746,0.3622457,0.5308671,0.70778346,3.6755166,1.0
1.0489695,1.0308002,0.88610506,0.6341723,0.9259076,0.41945106,0.58786076,4.384937,1.0
1.0242985,0.99165124,0.8174137,0.8676572,0.68354034,0.6538286,0.34750655,1.942951,1.0
1.0367992,1.0188317,0.97643644,0.5673621,0.4681081,0.4087549,0.30408356,2.525804,1.0
4.263702,1.201792,0.39652583,0.87351555,0.7994904,0.35562947,0.10847831,3.9891071,1.0
5.072026,1.3064249,0.29964447,0.076240614,0.9982607,0.9097541,0.6280464,3.9590542,1.0
0.7270364,0.9975744,0.80164605,0.39404246,0.6945295,0.7020467,0.785303,4.6921816,1.0
3.9405818,0.971882,0.42964014,0.93550164,0.09854836,0.38778594,0.99416965,4.0483255,1.0
0.75339925,0.702204,0.9863323,0.64356166,0.6270768,0.79586536,0.088216685,4.5040383,1.0
1.1545869,0.80397224,0.7506249,0.51350087,0.79492223,0.8189707,0.17264082,2.957648,1.0
4.300121,1.037605,0.39116466,0.8162141,0.3150266,0.54009986,0.18448305,4.634828,1.0
3.8768258,1.1762995,0.4375514,0.6716827,0.8249938,0.2296487,0.47355026,3.1898458,1.0
2.2929096,0.7918964,0.6077887,0.1740597,0.005880093,0.60972375,0.7190104,1.1875806,1.0
1.542758,1.1028249,0.6754643,0.48334348,0.8694749,0.73847145,0.6546134,4.8660913,1.0
0.9343414,2.683033,0.83388734,0.1652739,0.6805564,0.9864506,0.8463136,1.3156674,1.0
1.7897819,1.0306877,0.67661387,0.47378498,0.26326102,0.30205542,0.8967338,2.2156203,1.0
3.1459498,2.672444,0.4854626,0.32208258,0.80372185,0.98220134,0.17498668,1.7459656,1.0
1.6401434,1.1994134,0.6982869,0.7773428,0.95695275,0.6962419,0.07512323,1.2624189,1.0
0.64145124,0.2602893,0.8231156,0.36230475,0.3013665,0.76137507,0.026473083,2.843416,1.0
2.0374727,0.6114756,0.63213813,0.36622363,0.39265022,0.6438275,0.20634595,4.021139,1.0
3.2150795,0.88661355,0.5053551,0.6372653,0.9077597,0.62350917,0.63130784,4.6463194,1.0
1.0624804,1.1965724,0.8424715,0.8981011,0.9769569,0.79925424,0.12821354,1.816153,1.0
3.1974273,0.9663717,0.50856996,0.7872463,0.74557096,0.5401706,0.62192523,4.1484475,1.0
2.1357687,1.124494,0.6083881,0.018813772,0.23292306,0.7124022,0.6578175,1.6524111,1.0
2.6336052,1.1168594,0.57377976,0.13896725,0.8217596,0.32133454,0.12081519,1.2819726,1.0
3.620635,0.5741158,0.4552711,0.09928873,0.74314266,0.66254306,0.66743565,3.7468078,1.0
0.79937226,0.37718356,0.8805753,0.3096012,0.7324519,0.68022275,0.60219556,4.322725,1.0
5.794412,1.3558894,0.23600823,0.76517934,0.47548527,0.13240074,0.49715334,1.3791848,1.0
2.2565904,2.507839,0.57314074,0.7332477,0.3357474,0.923218,0.7641613,3.4267433,1.0
1.0591002,1.2052991,0.93166125,0.8033694,0.9615754,0.6091239,0.106902085,2.5477874,1.0
0.58722544,1.6738487,0.85979134,0.23365109,0.71862596,0.7308822,0.7098443,2.7121606,1.0
3.636752,0.8385969,0.4599543,0.081859976,0.57352036,0.521146,0.5832868,4.7732735,1.0
5.2498307,1.1414039,0.29265776,0.9882901,0.5733381,0.3716116,0.8172122,1.6289341,1.0
0.7517478,2.8647525,0.77589846,0.5327036,0.047468375,0.8603652,0.5703024,3.3430448,1.0
3.664046,1.280219,0.4604573,0.708682,0.06894549,0.1024181,0.3824912,4.802543,1.0
2.7129672,1.3887095,0.5376798,0.29836652,0.095531285,0.75389796,0.4344596,2.4220567,1.0
3.7194176,2.297003,0.4337553,0.0037517135,0.90347266,0.9171176,0.74176246,3.8538296,1.0
4.8400626,1.2165151,0.33585632,0.92226386,0.19200778,0.28417444,0.09747307,2.6960752,1.0
1.6858755,0.9743027,0.68826085,0.67928433,0.79306394,0.50417614,0.56165004,1.821007,1.0
3.1550791,1.0216961,0.50288707,0.1774841,0.29678842,0.66107047,0.87336093,1.3798296,1.0
5.5013537,1.2506577,0.26659006,0.9564052,0.23213561,0.22575377,0.80807555,1.5110251,1.0
5.161762,0.79749453,0.297073,0.038419053,0.03278451,0.62355906,0.10471076,2.6611443,1.0
5.89858,1.2819813,0.22503795,0.22290823,0.6148676,0.20291024,0.011460465,4.6026273,1.0
3.8683097,2.1111343,0.41813925,0.18690152,0.6764444,0.9844775,0.38085753,1.0756165,1.0
4.5418944,1.3191401,0.36732748,0.84230405,0.8613467,0.106684424,0.5086931,3.321078,1.0
0.9514258,0.7331934,0.94634837,0.9956281,0.20718156,0.6334787,0.83019114,1.1463442,1.0
1.5236224,0.8655368,0.70636207,0.74930906,0.51409197,0.59865874,0.35020915,3.7099738,1.0
2.1726508,0.828172,0.59736586,0.21933928,0.45626825,0.7416682,0.4318697,3.414281,1.0
3.8761265,2.550561,0.41233462,0.319562,0.8049698,0.858633,0.5348483,3.6601396,1.0
1.0477498,1.0128847,0.8629018,0.5701562,0.22810291,0.34046817,0.7933052,3.6348095,1.0
1.0412486,1.0197737,0.95447993,0.31524613,0.5461412,0.3767413,0.55765086,2.550116,1.0
2.5894363,0.4654855,0.5650811,0.75903416,0.43769124,0.68999857,0.63855124,3.5645163,1.0
1.8730327,1.3210509,0.622157,0.37943596,0.020602489,0.89008135,0.073193684,2.1595347,1.0
4.621316,1.0507874,0.35794377,0.9390724,0.036106527,0.4634544,0.6780907,4.338224,1.0
2.4950886,2.312323,0.54961663,0.92482096,0.1240684,0.9725151,0.7259204,1.9999994,1.0
2.0725114,2.4715009,0.5936164,0.9536799,0.9432964,0.944494,0.97490466,2.3931983,1.0
4.924151,1.3277097,0.3269522,0.9119859,0.87028575,0.66639566,0.16507336,3.6052785,1.0
5.233412,0.88393986,0.290392,0.24834897,0.50669616,0.6500853,0.119039886,2.5323193,1.0
1.6997837,1.1070617,0.6902065,0.33352652,0.9719889,0.3285282,0.065893225,2.340771,1.0
2.5095484,0.9969471,0.5869573,0.6849905,0.41149026,0.36836836,0.64657575,3.530105,1.0
5.613412,1.255348,0.2531748,0.8959202,0.033841107,0.8315019,0.011512188,3.9099863,1.0
2.554771,1.0712667,0.5824547,0.86478513,0.09840479,0.3179145,0.12783524,2.6953545,1.0
1.3025815,1.1722175,0.7553841,0.9494749,0.20810546,0.49943852,0.34739414,1.0674736,1.0
3.0353198,0.92126006,0.5218108,0.6661928,0.5476047,0.6996632,0.050980262,1.9937204,1.0
1.4041296,1.1538792,0.73295635,0.8181906,0.88120145,0.72865045,0.03581989,4.984089,1.0
1.0382166,0.9341181,0.8006493,0.5337842,0.2707644,0.5949424,0.1632951,1.8581194,1.0
4.436663,1.6469804,0.35759044,0.1366177,0.20815055,0.93159205,0.045413017,4.4258637,1.0
4.713987,1.3436162,0.34918818,0.99628973,0.71089864,0.58807796,0.29740307,2.974176,1.0
1.0668188,1.2826633,0.9727182,0.56553614,0.6007189,0.15408742,0.45441094,4.860334,1.0
1.1543088,1.1112615,0.79096794,0.84283173,0.9856332,0.27746195,0.78071773,2.600912,1.0
1.6600472,0.5039503,0.65748143,0.14268212,0.4001036,0.7377541,0.1914838,2.9484193,1.0
0.7280187,3.7869234,0.9523879,0.44192657,0.96095455,0.8476485,0.9632936,4.8296576,1.0
1.0676637,1.2467308,0.8958075,0.99132055,0.7379294,0.5108054,0.1940374,1.2123705,1.0
1.9001544,1.9231739,0.6689293,0.07318158,0.062004354,0.987584,0.54047364,3.094685,1.0
1.1842769,0.66429377,0.76091075,0.3487374,0.46433246,0.62817407,0.7620872,1.1722354,1.0
0.9124381,5.0960784,0.745989,0.0783772,0.55205446,0.8106253,0.80450296,4.801969,1.0
4.1849065,1.0020932,0.4037704,0.508573,0.35834172,0.4275796,0.8694639,1.2916131,1.0
3.1396303,1.184636,0.5173586,0.40822425,0.7864956,0.21504089,0.28972507,1.1626788,1.0
1.9264965,0.8685175,0.6537236,0.40436912,0.26986188,0.52149194,0.18350667,2.6554003,1.0
2.186198,1.0589333,0.6261273,0.58714473,0.6045799,0.28001314,0.78855234,2.333971,1.0
0.7927819,3.2558856,0.9799481,0.5181914,0.14320883,0.7996415,0.74431247,3.6353462,1.0
4.630244,1.1681895,0.35774,0.4732857,0.79967886,0.32232115,0.06423717,3.1279547,1.0
1.5257096,2.9921086,0.65606254,0.42834285,0.6766473,0.9791988,0.40704075,2.3993201,1.0
0.9905745,0.878249,0.8134195,0.6743156,0.62065375,0.6517844,0.0011902103,3.671969,1.0
3.6453745,1.2037117,0.46215135,0.89008474,0.9334258,0.6461283,0.30083483,1.5638722,1.0
1.9500146,0.4738623,0.63152647,0.5397761,0.06856336,0.7195098,0.29646298,2.0809762,1.0
3.5249174,1.1104971,0.47500005,0.8343922,0.47053528,0.31032112,0.34508163,3.6104207,1.0
2.861077,1.1874714,0.547998,0.3571356,0.9258783,0.47336036,0.17601845,1.1103271,1.0
4.2063165,0.7102504,0.3959382,0.45524833,0.5718045,0.6032923,0.97262937,4.8186927,1.0
5.868538,1.05993,0.22762144,0.11638795,0.04963149,0.381766,0.24374732,3.8857489,1.0
4.189333,0.7044301,0.39834577,0.26613608,0.3949466,0.6247743,0.42308536,4.0558634,1.0
1.735091,1.1019275,0.6849989,0.12193405,0.047099885,0.2175092,0.26510343,2.6291797,1.0
2.4506302,0.93661374,0.59269166,0.25902754,0.51548034,0.45034686,0.6216631,2.2732382,1.0
0.76080036,2.8543735,0.9711071,0.73306674,0.5441661,0.95797026,0.41181377,4.2331533,1.0
2.9650896,1.1396103,0.53640974,0.36520538,0.38533175,0.20708998,0.74153155,3.3545635,1.0
3.5856981,1.2224174,0.46885344,0.8716141,0.8390899,0.167107,0.5312102,1.7467356,1.0
3.0380905,1.8098129,0.50024545,0.45082113,0.05147835,0.95663553,0.7731827,1.5586792,1.0
2.254806,1.1828821,0.617439,0.9427713,0.691215,0.69920194,0.031310886,2.0152433,1.0
3.537868,1.5147333,0.4492159,0.7693514,0.6050961,0.98207575,0.84511495,1.7926884,1.0
4.177222,0.9585732,0.40434495,0.122771785,0.6252568,0.4285725,0.70821285,3.286682,1.0
3.5336435,0.8003969,0.47072735,0.6466082,0.42165804,0.5214105,0.8926127,2.5474694,1.0
3.708027,0.95046246,0.45390263,0.22396192,0.5185231,0.4656724,0.21666308,3.157203,1.0
6.1660533,1.5139282,0.20362718,0.48071042,0.029162887,0.9672464,0.37959966,1.513478,1.0
4.3380737,0.86281544,0.37827635,0.7066738,0.05765351,0.6572727,0.9527533,1.1453676,1.0
1.0586214,1.1251079,0.94180703,0.9111363,0.48685378,0.2790569,0.19164787,3.6069186,1.0
1.5943813,0.8146011,0.6648282,0.64343715,0.4488127,0.7432053,0.5969263,3.8809035,1.0
1.2104999,0.9657986,0.77038425,0.4682938,0.018792443,0.38377452,0.55657274,3.681337,1.0
1.062626,1.1773956,0.9704244,0.7993816,0.37181377,0.2128348,0.7709804,3.876284,1.0
0.7566872,2.686737,0.9716491,0.93860996,0.91918904,0.85485905,0.96184206,3.721377,1.0
5.287148,1.0639312,0.28851083,0.47654232,0.31711808,0.3593051,0.5539315,4.994671,1.0
4.255586,1.2825779,0.39748248,0.10215024,0.77140933,0.124027334,0.28153244,3.0362191,1.0
5.2889414,0.9484638,0.28580213,0.5193085,0.5866876,0.6400928,0.33938485,2.9653296,1.0
5.143613,0.84858084,0.296474,0.42285597,0.35505903,0.70252293,0.6061048,1.5034282,1.0
1.3953282,1.0672095,0.7371088,0.84885126,0.4010497,0.2766916,0.37035507,3.8332438,1.0
3.2564993,1.0480793,0.5037745,0.8776285,0.063015364,0.33089593,0.76342237,4.4160504,1.0
1.1734338,3.3957143,0.7695404,0.08638634,0.7720754,0.94005066,0.816621,1.4080693,1.0
5.266887,1.1100641,0.28019202,0.5474227,0.13992082,0.9034116,0.35180625,4.5201097,1.0
1.0257099,1.0343335,0.95889735,0.17962798,0.94910157,0.5533544,0.2132192,3.1421,1.0
1.9968982,2.5925016,0.59998167,0.7652747,0.4555266,0.85186476,0.9709172,3.1371796,1.0
0.7661366,3.9388628,0.7824545,0.25886846,0.22863121,0.7448309,0.8334588,3.5180213,1.0
2.4019024,0.9365727,0.5966959,0.6939372,0.4955899,0.5305241,0.70180094,1.6778781,1.0
0.7376925,3.1634989,0.8511904,0.59193194,0.7826611,0.9402114,0.40763602,3.5544748,1.0
4.656927,1.5143818,0.3388047,0.35791293,0.2595857,0.92579037,0.46835998,4.844266,1.0
5.527325,0.8400711,0.26068032,0.5304512,0.0886744,0.55346507,0.86674726,2.2691612,1.0
2.6587481,1.0466008,0.57012457,0.7644966,0.61090004,0.42271382,0.0251034,2.4678545,1.0
3.5478883,0.6182032,0.46406013,0.42892933,0.17753291,0.65041625,0.32207176,3.8232462,1.0
1.0850155,1.042618,0.81343037,0.6790365,0.8617247,0.3718311,0.3644501,2.1346505,1.0
4.6767745,1.1692139,0.3524807,0.6557219,0.87190926,0.52749276,0.31202567,1.8451287,1.0
2.0717223,0.9822724,0.6390744,0.41566834,0.7908534,0.38896716,0.66829455,3.9241579,1.0
1.5555766,0.8903026,0.70140535,0.896952,0.6256308,0.7175388,0.37518248,3.9421978,1.0
4.286281,1.274923,0.3942358,0.25063628,0.2929831,0.26912278,0.6538571,1.0015918,1.0
1.042369,1.0207314,0.9532333,0.45993266,0.046138886,0.366335,0.27676398,4.958975,1.0
0.92012805,0.7854111,0.97607875,0.05524941,0.97347015,0.81524175,0.29442853,1.5800855,1.0
2.1188946,0.74106884,0.62498456,0.6993526,0.66311324,0.8220202,0.23874313,1.1865522,1.0
0.6075598,1.7302576,0.8606449,0.41200975,0.50279105,0.8423921,0.3881888,4.0901566,1.0
2.4244046,1.0209095,0.59684896,0.27347296,0.8825116,0.4322656,0.31691292,2.1734965,1.0
3.2080648,2.262412,0.48026028,0.16164546,0.14094526,0.9580662,0.2768816,3.934832,1.0
3.3193326,0.80792934,0.49378917,0.9606675,0.93574274,0.53060627,0.9680515,4.5148096,1.0
4.7660904,1.1974229,0.34336084,0.9918496,0.24745278,0.75352114,0.22187571,1.4146191,1.0
1.2855392,0.37130225,0.72337604,0.42038745,0.53987163,0.6597894,0.8810175,1.7162784,1.0
2.8312812,1.128063,0.5513356,0.5499855,0.09301913,0.2166047,0.5397603,2.551591,1.0
2.4458764,2.1863654,0.5605388,0.48281723,0.82112604,0.9388099,0.89834595,3.838419,1.0
4.727095,1.5047313,0.3297515,0.33819297,0.075914755,0.8760026,0.1120009,3.4394588,1.0
1.1078557,3.4024718,0.7694357,0.038679466,0.5569117,0.97691363,0.5282216,1.8975931,1.0
2.0904994,0.4708886,0.62546617,0.99699163,0.37186843,0.7088573,0.67745817,4.0817657,1.0
4.375521,1.2698997,0.38483912,0.98532486,0.21383156,0.1562733,0.6357648,3.4708838,1.0
1.8605349,3.1755676,0.635965,0.028067758,0.6015569,0.94074565,0.6257513,3.3728166,1.0
3.9116719,1.2138551,0.43389535,0.24658404,0.64114064,0.17300706,0.71729714,2.6702518,1.0
0.8498287,0.75422496,0.91106105,0.43787882,0.71553934,0.7122592,0.012063063,3.010619,1.0
1.82967,0.729865,0.6645525,0.62311405,0.77208924,0.5265675,0.99416816,2.499324,1.0
5.974686,1.3163893,0.216858,0.47109848,0.44583932,0.9366666,0.16013855,2.1125379,1.0
3.0935476,1.0077635,0.52084285,0.89094126,0.24553923,0.4624862,0.48843497,3.5970407,1.0
0.6415535,0.44923222,0.87824684,0.96988714,0.45678997,0.73299456,0.80403095,2.8161461,1.0
1.070016,1.1957059,0.8349058,0.9362776,0.31641582,0.11336611,0.9477687,2.13569,1.0
1.0626912,1.2214953,0.94893247,0.48961642,0.8970343,0.5567686,0.42937586,1.0113775,1.0
5.7512155,0.9992614,0.23926179,0.24598745,0.9375227,0.5368974,0.7219362,2.0424232,1.0
4.2612123,0.97797984,0.3940722,0.48025367,0.65725935,0.6052228,0.040963326,2.9440727,1.0
2.2815912,0.4195592,0.5953382,0.2641279,0.58037037,0.7734269,0.35566604,1.6130902,1.0
2.744025,1.0619631,0.5607638,0.45879355,0.5443519,0.31307504,0.06390786,2.6524494,1.0
1.0468602,1.0395182,0.9396647,0.10711425,0.8075324,0.3514806,0.7247472,2.0988894,1.0
0.889824,0.7259901,0.9258306,0.74624705,0.25658566,0.6510858,0.39119628,2.9171133,1.0
1.0744616,1.0013541,0.8063817,0.76146626,0.7725025,0.5680835,0.099768095,3.93604,1.0
1.0535814,1.0447285,0.85339427,0.58465046,0.34876648,0.29849347,0.33091092,3.1498387,1.0
3.972547,0.87608314,0.41070035,0.59880716,0.017202565,0.8953489,0.011464917,3.0008593,1.0
3.465658,0.8375279,0.47768843,0.94133234,0.12595157,0.6006553,0.77962106,1.2570816,1.0
5.625311,1.008157,0.25167927,0.52858406,0.45018545,0.5840256,0.25344267,1.9587169,1.0
4.5222416,1.1029761,0.36880273,0.4231458,0.8610275,0.38028005,0.56112224,3.5101058,1.0
2.2931426,0.39571437,0.6009099,0.884773,0.54649884,0.6268824,0.9808474,2.8472104,1.0
4.6295047,0.89672816,0.3540198,0.1723991,0.3735257,0.5967664,0.31634092,1.9611716,1.0
2.5822666,1.2428899,0.58004725,0.87309587,0.41266146,0.15377086,0.677487,1.0292836,1.0
1.0197343,0.9883492,0.9442161,0.89469784,0.20559081,0.50318235,0.24785423,3.1249316,1.0
1.4208142,4.1700993,0.6749079,0.15743011,0.5327138,0.78669715,0.68579894,1.2659544,1.0
2.9024513,1.0289766,0.5426937,0.12297627,0.37733346,0.3378522,0.44777676,2.4622295,1.0
5.812229,0.97119105,0.23265411,0.43413764,0.91862106,0.4951041,0.89763206,2.5278692,1.0
1.1595535,1.121867,0.78986216,0.787144,0.61975753,0.19442822,0.37432197,2.818017,1.0
5.9255157,1.2960749,0.22223914,0.6128749,0.7515639,0.24062209,0.017158797,4.3531585,1.0
0.5649046,0.96062917,0.93708116,0.37942967,0.5484623,0.89281523,0.24779421,2.565225,1.0
3.9292579,1.2092459,0.43208876,0.91644686,0.84255934,0.26758114,0.30501,2.1301966,1.0
1.3162977,3.7313797,0.6809634,0.30596614,0.53688735,0.9014098,0.3741036,1.57102,1.0
4.7327094,1.2926975,0.33037698,0.7513493,0.12471831,0.89010173,0.4879436,1.3294083,1.0
1.0644599,1.2113951,0.9731089,0.807135,0.7155413,0.20634076,0.53899467,4.0371847,1.0
4.598051,1.2844388,0.36135554,0.5563627,0.8441104,0.13435407,0.94708055,2.6561074,1.0
0.9967957,0.8593672,0.8798447,0.11265326,0.16551217,0.49910042,0.8952493,2.9063408,1.0
3.0498,0.7370482,0.52065957,0.16536044,0.12761825,0.6938069,0.4689263,1.262418,1.0
2.2989073,1.2713859,0.61273426,0.7052764,0.97522473,0.8120342,0.061751414,3.5724006,1.0
1.6544621,0.88967913,0.6833802,0.51403683,0.854175,0.75678414,0.25974977,2.486172,1.0
4.149461,1.2896647,0.40875775,0.25270757,0.64247555,0.19980884,0.64101374,1.0282428,1.0
1.0667081,1.1313701,0.8580694,0.98228616,0.5644919,0.23513463,0.053865958,2.392832,1.0
5.6958027,1.1654438,0.24602897,0.46109244,0.9248475,0.34087342,0.76674116,3.7726004,1.0
2.0739024,0.7596393,0.62721753,0.19810522,0.320776,0.64950365,0.26066297,2.148923,1.0
0.98615646,0.8445158,0.8832704,0.18689986,0.02646219,0.5227517,0.87178046,2.3572245,1.0
3.9839234,1.6385344,0.40622455,0.5831488,0.11673617,0.7219026,0.8587156,4.1381803,1.0
2.7394574,1.5643373,0.52837193,0.35499325,0.16109072,0.9208822,0.1414528,2.1300511,1.0
3.1399748,0.87337637,0.5141746,0.016040001,0.30716452,0.4938997,0.262835,4.5096316,1.0
4.416972,0.99328476,0.37914032,0.74819183,0.22671664,0.44814175,0.7365759,1.8612026,1.0
1.0658207,1.1405478,0.8567268,0.8479916,0.94842774,0.1872474,0.63507766,1.7942625,1.0
0.6641816,4.233769,0.82604253,0.2079848,0.68764424,0.9255695,0.6397557,2.120686,1.0
1.9460539,0.99820125,0.6534756,0.2954381,0.10972657,0.49820736,0.67166686,1.4072106,1.0
3.3004658,1.125494,0.49888167,0.058040626,0.96773064,0.563744,0.2235602,4.1253104,1.0
1.9386297,1.0814992,0.65747696,0.2667169,0.19060683,0.24209447,0.8778577,1.92108,1.0
5.1979375,1.0203702,0.2866756,0.9194389,0.0962503,0.98000014,0.68483186,1.8563409,1.0
4.848104,1.1158897,0.3347353,0.10247398,0.32889232,0.29228565,0.21404798,4.512454,1.0
5.836948,1.0249382,0.23015563,0.8408549,0.52138376,0.54028016,0.7318683,4.081477,1.0
2.8361878,2.190069,0.51583445,0.72099566,0.7607769,0.9582411,0.74834335,2.0284672,1.0
4.346324,0.8130752,0.37537062,0.33908415,0.61870706,0.89323354,0.16531001,2.5410938,1.0
1.0530168,1.2717187,0.9786659,0.98584867,0.59193873,0.83779055,0.11018077,2.9744358,1.0
1.5836257,0.61243683,0.69482285,0.26215434,0.102351986,0.58338624,0.91363925,1.8304008,1.0
5.3696795,1.042891,0.2788536,0.32965654,0.7199807,0.5612015,0.22095555,2.980501,1.0
2.9511957,1.1080494,0.53781044,0.032988865,0.91698533,0.26211566,0.5569506,4.8375444,1.0
1.5124794,1.1795108,0.71871746,0.8768276,0.57357943,0.30526152,0.54636616,1.0183926,1.0
5.4472747,0.9209479,0.26534268,0.9831654,0.7783163,0.881285,0.48213187,1.8138676,1.0
4.750035,1.0136803,0.3437983,0.38693497,0.9588472,0.66098374,0.48685855,1.1496729,1.0
4.6651664,1.1144754,0.35392755,0.385804,0.47470126,0.3114352,0.24004836,2.425873,1.0
1.6954435,1.0557783,0.6900627,0.022030994,0.2780259,0.29125768,0.9066914,1.3552417,1.0
5.2997108,0.9802116,0.27833548,0.20310865,0.40980473,0.8135763,0.027458109,4.6555295,1.0
0.7891907,0.3770231,0.8375418,0.17308287,0.62903476,0.68377745,0.43103948,2.964002,1.0
1.1578426,0.9935377,0.7852303,0.26566255,0.06613376,0.37587842,0.39547458,2.036486,1.0
6.047154,1.306342,0.20950896,0.37203,0.88057405,0.26437545,0.06322651,2.9548154,1.0
5.700631,0.9730426,0.241141,0.94348997,0.049636923,0.7333958,0.9474649,4.7272477,1.0
5.017924,0.9200985,0.31504852,0.4605199,0.7637748,0.536197,0.7087214,4.645085,1.0
1.2160133,1.166166,0.7087317,0.60690427,0.40196186,0.72535783,0.7186942,3.442177,1.0
3.9277434,1.345268,0.43219906,0.09497653,0.78060865,0.63266677,0.11539041,1.0209721,1.0
6.0154843,1.3075267,0.21281005,0.63162327,0.73447376,0.17979829,0.74146414,3.2528677,1.0
5.3385086,0.9191999,0.27572665,0.8175377,0.123678364,0.83830786,0.39304295,4.8736205,1.0
3.2719495,2.7607143,0.4689493,0.43792316,0.5946076,0.8732407,0.7590979,2.4519153,1.0
5.4434366,1.3102039,0.2727029,0.7425732,0.69208664,0.14640014,0.9007847,4.6972156,1.0
1.075,0.96215767,0.81103146,0.31589538,0.33373412,0.38191426,0.99749666,2.766124,1.0
5.241388,1.1136556,0.28292817,0.26339132,0.68287164,0.91927767,0.40945384,2.3309252,1.0
2.5569148,0.97338945,0.58116055,0.6695142,0.3163353,0.38697076,0.8096091,2.3662562,1.0
2.7906065,1.1874695,0.5561087,0.06862663,0.28731605,0.15804768,0.71765345,4.0112824,1.0
2.6433842,0.9970298,0.5713871,0.49537665,0.3604859,0.41201818,0.25197333,1.9361529,1.0
3.3197465,1.0354118,0.49679083,0.28579566,0.9076286,0.354068,0.83332264,2.614497,1.0
5.345794,1.1172367,0.28252953,0.21882248,0.65372515,0.34182736,0.37722135,3.1261814,1.0
0.9671324,2.758165,0.7466011,0.39565727,0.62996835,0.96109456,0.7960479,1.0323147,1.0
3.2591188,1.0837718,0.5037723,0.19015798,0.7428206,0.26740876,0.9627556,1.9076926,1.0
0.77634823,3.768489,0.95104194,0.47467613,0.7195492,0.8443347,0.8556329,1.3844798,1.0
2.3636508,0.75992614,0.59802336,0.53143835,0.67666125,0.598258,0.63652194,4.265624,1.0
1.4744682,1.1896048,0.7247892,0.47921294,0.5559571,0.12375828,0.9890993,4.12146,1.0
1.0230566,0.93894905,0.85143805,0.1742223,0.596772,0.45296893,0.42037535,3.3510919,1.0
3.4934065,1.0264899,0.47783327,0.66311896,0.34443727,0.38426045,0.27103958,4.7576056,1.0
1.358138,0.68150425,0.7228056,0.107493885,0.11772116,0.63056237,0.6340451,2.1663551,1.0
5.021429,0.8418796,0.3136241,0.9404816,0.5467796,0.59975845,0.8566181,2.0251377,1.0
1.0183132,0.92842907,0.84820247,0.34809342,0.27463472,0.46400076,0.06984807,4.6470585,1.0
1.0692097,1.3316323,0.9707007,0.8960654,0.92233497,0.20238566,0.073852345,3.3858063,1.0
3.2363567,1.1679107,0.5066325,0.6916225,0.70195144,0.3558583,0.43249872,1.1133202,1.0
1.0517336,0.98945075,0.8292646,0.41395244,0.1780173,0.3649029,0.5073676,3.3790574,1.0
0.79999936,3.1575398,0.9868339,0.64837784,0.96000147,0.9471645,0.35697132,3.8548596,1.0
5.9372807,1.3341372,0.22100414,0.6358636,0.952331,0.44751814,0.07499052,4.1853075,1.0
1.0535195,1.0557015,0.89816177,0.5486996,0.27929637,0.28604633,0.64354026,4.7733784,1.0
1.0767384,0.9869579,0.81335765,0.4999335,0.2650821,0.3654041,0.9046138,2.082951,1.0
4.074597,1.271858,0.41664016,0.2424229,0.026619963,0.12507704,0.22340684,3.4065921,1.0
4.868228,0.8363124,0.3289607,0.030974304,0.46070763,0.6035325,0.15209654,2.566541,1.0
1.0631821,1.1876146,0.93702537,0.25565702,0.49402916,0.19369042,0.014738362,1.6079314,1.0
1.3184094,1.0070847,0.7481356,0.027260602,0.9270493,0.4774572,0.04188052,3.7265909,1.0
2.4273038,0.99070287,0.59641373,0.24805804,0.45300537,0.37791204,0.15150808,3.0320241,1.0
3.1306117,0.880589,0.51453084,0.6651827,0.93514144,0.82779574,0.22921963,3.3367314,1.0
3.6079683,1.1891832,0.4664272,0.8431546,0.9258683,0.3581048,0.103105135,3.7520802,1.0
2.2422204,1.0055721,0.6178137,0.38257685,0.840374,0.4873921,0.010719284,3.919055,1.0
0.96524715,0.7706447,0.88430154,0.3497242,0.4641687,0.5631042,0.6667599,3.6405432,1.0
1.1364249,1.0329713,0.79363257,0.680549,0.9210796,0.3208437,0.92606294,1.5518849,1.0
0.7137645,5.2507844,0.8902323,0.010952135,0.9982403,0.9099151,0.6240051,3.8708627,1.0
4.2217474,2.270563,0.3794016,0.08354214,0.27423254,0.75027895,0.92065597,1.6543633,1.0
1.1903366,2.9695363,0.6961233,0.60207033,0.89248544,0.939045,0.36543268,2.2924798,1.0
4.95995,0.936381,0.321594,0.973541,0.32617214,0.5027272,0.9156023,2.577366,1.0
1.4581035,0.8965439,0.7201363,0.54688567,0.314115,0.4932611,0.23218156,4.706542,1.0
5.0256715,1.1092206,0.30540565,0.05131391,0.12797078,0.95416504,0.093347974,4.177885,1.0
2.1267889,1.0717882,0.6335066,0.7126578,0.5952363,0.28587174,0.27809113,3.6810305,1.0
1.7551428,4.044602,0.6251053,0.24736165,0.6762723,0.8206217,0.9955934,3.2793934,1.0
2.17471,0.6224287,0.59679663,0.13929401,0.6734406,0.8323982,0.26395264,3.1867802,1.0
3.2014315,0.89737725,0.5076689,0.7834672,0.044700135,0.49329057,0.64042294,4.8934374,1.0
0.83562475,0.94507873,0.87148225,0.79520154,0.5928156,0.9804051,0.05426934,3.2837067,1.0
1.3773142,1.0889363,0.74071616,0.19681694,0.83531296,0.22421572,0.91079223,4.440531,1.0
1.0208989,1.1364131,0.86653996,0.37392092,0.9576257,0.7717004,0.03165539,4.2647,1.0
3.3932667,0.94304544,0.48788562,0.10727008,0.021823317,0.42994487,0.19898903,4.8765106,1.0
1.2283654,0.9822293,0.75845253,0.003342885,0.49904007,0.5602075,0.2862888,1.666242,1.0
0.8168342,0.5454588,0.9852476,0.38650596,0.84465367,0.6928611,0.6023327,4.5589433,1.0
1.2008708,1.1774977,0.7791199,0.3235324,0.3874917,0.13263254,0.07931828,1.4062663,1.0
5.9195824,1.0880399,0.22037543,0.6270732,0.34239018,0.6730846,0.4773414,3.5634046,1.0
4.420427,0.9445002,0.37811723,0.13699405,0.43596298,0.5296525,0.7815053,1.1648867,1.0
1.068246,1.3535936,0.9765266,0.1375275,0.758764,0.1087933,0.3223967,4.4870996,1.0
2.1375055,0.5118233,0.6078203,0.9270159,0.1513366,0.75238425,0.65224165,2.7003648,1.0
0.7144599,0.5295023,0.8318086,0.6983669,0.28670713,0.7957926,0.013718047,2.7610793,1.0
2.25422,1.8030142,0.586013,0.4369155,0.6127159,0.7577097,0.6349556,4.4607143,1.0
2.150028,1.0489234,0.628967,0.12651253,0.28580803,0.48296812,0.08568196,1.4459552,1.0
5.1083817,1.1050189,0.29472765,0.790346,0.2741128,0.91963285,0.71682566,1.7345496,1.0
0.76814,0.21678026,0.830303,0.38257942,0.08623484,0.68247396,0.59750134,2.5175467,1.0
1.0255224,0.9138168,0.8232039,0.57195044,0.37954298,0.5003667,0.06347017,4.4883986,1.0
3.369068,2.0036726,0.46520934,0.36583745,0.5744328,0.9469318,0.70731264,4.4746795,1.0
1.2572944,0.8761959,0.74739903,0.42920932,0.25367153,0.59506375,0.4558257,1.9852196,1.0
1.148995,3.3186955,0.7041236,0.2446277,0.3240846,0.8207714,0.48418397,4.149705,1.0
2.5215693,0.60047364,0.5770156,0.033726964,0.5264971,0.62785196,0.3557374,3.8828707,1.0
1.1522695,1.050464,0.78973734,0.7117985,0.5870888,0.29442933,0.45071378,2.4554105,1.0
4.366725,1.1037064,0.38534826,0.6861423,0.057925206,0.28462073,0.70215803,4.982198,1.0
0.9976256,0.8755143,0.88207793,0.85177195,0.09146129,0.50499266,0.87159175,3.1409163,1.0
1.3477072,0.6532315,0.7249339,0.16165173,0.5980031,0.62969273,0.58209157,2.578431,1.0
1.1912446,1.0227528,0.77585393,0.9636533,0.007009553,0.48133263,0.3565692,3.4554062,1.0
4.399759,1.1639497,0.38202202,0.49195072,0.8216295,0.2949971,0.22457738,3.626134,1.0
4.1877055,1.1907722,0.40457836,0.07206013,0.18554151,0.24312468,0.010779779,1.297688,1.0
1.7532393,2.0921915,0.63174784,0.9417389,0.33267742,0.900248,0.58733106,3.885172,1.0
4.332125,1.188244,0.4073109,0.11052912,0.08869793,0.9838007,0.8683285,4.7225075,1.0
1.0634685,1.2032872,0.97485554,0.61259323,0.1630553,0.20386592,0.34065092,2.2603595,1.0
1.0638192,1.1972907,0.91896653,0.22221129,0.9735805,0.20264609,0.462807,1.3938154,1.0
4.422682,1.1425171,0.37956113,0.65069103,0.15291674,0.25947556,0.4370355,2.5685794,1.0
1.4797226,0.7744951,0.7067137,0.53926367,0.81549567,0.65489465,0.60619533,2.108385,1.0
0.80417234,0.30098006,0.7844888,0.80227923,0.41355652,0.820741,0.3799054,4.731979,1.0
1.0661356,1.3011513,0.9492671,0.21511725,0.39096746,0.13237794,0.21993929,1.8796747,1.0
1.0663652,1.3198775,0.97577,0.9911597,0.6156363,0.58047646,0.19458508,3.5569205,1.0
3.9651618,1.0653825,0.42767775,0.1369627,0.09190934,0.31355208,0.34403574,4.5191116,1.0
0.7693403,3.0220683,0.9285107,0.584349,0.28223777,0.84193534,0.6744907,3.3816576,1.0
2.3158588,1.0672213,0.61052185,0.96746993,0.394047,0.28078997,0.9231008,3.6172097,1.0
1.237701,0.81285304,0.75456583,0.47937348,0.19329941,0.5392199,0.40118635,3.9511995,1.0
4.3048906,1.0943315,0.39150682,0.46553254,0.95514226,0.49890962,0.60339254,2.860173,1.0
5.53251,0.90579206,0.25744507,0.87307775,0.80110425,0.80678,0.49215713,2.7669015,1.0
3.692795,1.0641035,0.45675576,0.7326517,0.33544257,0.30150133,0.96854717,1.6188705,1.0
6.109917,1.360851,0.20277609,0.66548306,0.48777708,0.56865185,0.8590282,1.4562902,1.0
2.709647,0.5966456,0.5480598,0.8310517,0.3493733,0.95430017,0.12225733,3.1510413,1.0
4.0694995,1.190793,0.41712263,0.6082936,0.61309254,0.23841338,0.099058405,1.310267,1.0
4.534728,1.0664316,0.3666634,0.1831311,0.26498675,0.48529154,0.5219268,1.4918773,1.0
2.4218876,0.862156,0.5929987,0.85718393,0.09249819,0.58191156,0.49041393,3.8886182,1.0
6.0536833,1.2776223,0.20801726,0.72259235,0.8000927,0.64937025,0.73278946,3.3276792,1.0
3.0272303,1.1105851,0.52938795,0.021930927,0.53764254,0.24019414,0.19369474,4.1428947,1.0
2.4013023,2.1865275,0.56447375,0.51518095,0.059428047,0.9434427,0.85661674,2.9819605,1.0
3.4582422,1.1833712,0.4825243,0.13018411,0.9924802,0.21754186,0.8324556,3.0920892,1.0
0.9376169,0.7403069,0.8533193,0.5158573,0.28237307,0.6128428,0.06187761,3.9692159,1.0
2.071607,0.9389686,0.63786674,0.6597117,0.36808586,0.46768624,0.25181976,4.920835,1.0
5.916528,1.1890955,0.22291142,0.7756268,0.59504575,0.37533674,0.55624205,1.8762375,1.0
5.1532397,1.114753,0.3016619,0.7883163,0.56616884,0.6075654,0.29739463,1.9964828,1.0
3.1138566,0.712407,0.51247036,0.074719444,0.69836676,0.63632166,0.34807387,3.9671564,1.0
2.525389,0.9506585,0.5845517,0.7145947,0.5337061,0.38863236,0.99171567,2.8540912,1.0
3.8626544,0.97042173,0.4372049,0.34120587,0.59824026,0.50342417,0.0131972255,2.637603,1.0
1.3672395,1.0620391,0.74143666,0.9503366,0.5425602,0.46482226,0.3201601,2.2353306,1.0
1.5540067,0.90622455,0.7035389,0.86058396,0.23710713,0.5871769,0.28572416,3.0793,1.0
1.9849712,1.055503,0.65122813,0.094785795,0.094129086,0.27400583,0.6718524,2.8648272,1.0
4.5535374,0.9463891,0.3570447,0.519648,0.93988353,0.7221492,0.6314124,3.3606722,1.0
2.3912368,1.1598982,0.6020983,0.40555778,0.061203208,0.17493989,0.73312885,2.6372995,1.0
6.09059,1.398541,0.2045735,0.9457405,0.24284703,0.7421197,0.48852834,3.6876972,1.0
1.4429262,0.9309884,0.72466856,0.5462865,0.4524751,0.45267406,0.42896158,4.2634335,1.0
4.8358474,1.6434985,0.31983557,0.4170374,0.9848755,0.8966977,0.513201,1.8530301,1.0
4.6638155,1.1232533,0.3441701,0.29212978,0.42969537,0.657176,0.8954958,4.2429667,1.0
1.8581113,0.98791283,0.66554475,0.94539404,0.7582011,0.7747909,0.26030427,1.0290202,1.0
1.0052427,0.80556005,0.8220922,0.4675618,0.34121576,0.5152845,0.895886,4.509939,1.0
4.182213,1.0679566,0.40469727,0.24930887,0.41940233,0.30470777,0.99217534,1.0227073,1.0
3.169371,0.9367508,0.5106216,0.9435255,0.6595535,0.9182325,0.11486338,1.1501069,1.0
4.3027015,1.1231942,0.3921625,0.49359554,0.19314413,0.28146857,0.002663487,4.1893053,1.0
1.0635054,1.1007019,0.8619808,0.7994446,0.91757447,0.28377903,0.26322708,4.166011,1.0
2.613835,2.2815683,0.53760886,0.9883631,0.9471237,0.95337415,0.9917299,2.0159965,1.0
1.7048085,0.7465939,0.6806115,0.6117443,0.35058796,0.5470949,0.8009792,4.949574,1.0
5.477526,1.1047632,0.2685699,0.6144299,0.58589953,0.4299209,0.40219858,4.3328886,1.0
2.6055892,1.0154879,0.57618356,0.32910678,0.4470618,0.32753763,0.9913024,2.6550698,1.0
2.8203914,0.9689695,0.5469935,0.9485517,0.0071942806,0.9144898,0.105577335,3.4426885,1.0
5.120781,1.1510302,0.3059535,0.48998407,0.526014,0.98555803,0.72801346,3.069935,1.0
0.8137886,3.1702473,0.798786,0.20176035,0.39029953,0.9571363,0.7541436,2.4225333,1.0
4.943247,1.1800718,0.3248394,0.9819109,0.29831222,0.39452878,0.6701515,2.399731,1.0
5.940201,1.0871762,0.2199876,0.78880376,0.9403961,0.46819112,0.8533859,1.1878152,1.0
5.3035913,1.1577101,0.28711772,0.026244802,0.04798329,0.25460932,0.35188,4.018803,1.0
1.0673198,1.1968089,0.84784657,0.025116937,0.98904306,0.113591485,0.33996487,3.3534753,1.0
1.0382764,0.98241967,0.8661999,0.4944849,0.29758003,0.39400047,0.105967805,3.9080384,1.0
4.058412,0.74288607,0.4138636,0.19251071,0.49458396,0.573102,0.63256836,3.5762916,1.0
2.2246783,1.0319693,0.6210818,0.12064069,0.6419107,0.32379475,0.37438944,2.8711405,1.0
4.910257,1.2571996,0.32851017,0.9275346,0.9492729,0.35431293,0.6079875,4.253602,1.0
3.5481713,2.7450988,0.44569936,0.116987504,0.4916272,0.7824791,0.7203118,4.2090764,1.0
2.981436,1.1526014,0.53470534,0.46468264,0.05143494,0.20419,0.03740532,1.6309055,1.0
5.058967,1.160382,0.31274238,0.9983638,0.23642735,0.2834886,0.9237665,4.867245,1.0
4.4134846,1.309065,0.38085058,0.49555722,0.28003874,0.8700554,0.008697915,1.0014187,1.0
1.0248394,0.9598382,0.9017773,0.6182766,0.71166867,0.45106125,0.6831246,4.4766464,1.0
1.0589303,1.124559,0.93544596,0.14481638,0.062314045,0.22563343,0.23713033,4.644831,1.0
3.7740095,1.0878053,0.44810784,0.2216897,0.84372395,0.34195867,0.3899342,3.9064617,1.0
4.1858683,0.74343276,0.40120056,0.8014047,0.103449546,0.5302821,0.9773473,4.6373034,1.0
4.893307,1.1043499,0.32835788,0.50727665,0.78130764,0.6310127,0.29043382,1.4688816,1.0
5.796429,1.0635576,0.23151062,0.84896004,0.41370606,0.81846553,0.9457513,3.7015254,1.0
0.96105176,1.0060618,0.83674824,0.6902587,0.79875624,0.73935103,0.05972167,1.9912537,1.0
5.189146,1.1243938,0.28719568,0.728506,0.88926005,0.8212457,0.9333654,1.0771455,1.0
2.5049767,2.8224297,0.5520821,0.011521503,0.01567132,0.8118419,0.19975342,3.000719,1.0
4.0983,2.0153286,0.39023858,0.60430133,0.9835525,0.8311454,0.7735861,1.4747833,1.0
5.76298,1.1392814,0.23890151,0.8449238,0.10554584,0.35823762,0.6123102,3.7206464,1.0
2.7677991,1.1594026,0.55860937,0.4481837,0.100556634,0.18296245,0.92157274,3.367773,1.0
3.7361562,1.1516644,0.45249063,0.5102017,0.88262784,0.27109334,0.38626927,3.109344,1.0
