like1,parFFf,paralpha,parbeta,parQQf,pargamma,park,chain
1.2165462,0.8808681,0.36328903,0.80418944,0.297509,0.71380323,3.8344717,0.0
1.6748505,0.27009034,0.781888,0.37743366,0.18106163,0.4960829,2.776755,0.0
0.67982787,0.7623288,0.76511896,0.33715022,0.76044685,0.8241583,3.7356951,0.0
1.1411394,0.9463133,0.8888103,0.46836418,0.69382083,0.4210763,3.8629827,0.0
1.1961336,0.4148537,0.9100156,0.67647594,0.78157026,0.44150642,4.9222035,0.0
1.012687,0.6519574,0.7809592,0.59217817,0.75106555,0.5162359,2.7211127,0.0
1.325201,0.28748605,0.055886105,0.9407202,0.44228142,0.9973226,1.9831934,0.0
1.110464,0.7226635,0.30126455,0.22644117,0.59198344,0.29248512,1.9654307,0.0
1.2857538,0.4558008,0.3067293,0.80222577,0.5735271,0.56227297,1.7547044,0.0
1.2647411,0.8919493,0.6039678,0.19096695,0.4434938,0.14456545,1.0893234,0.0
1.0896102,0.43946466,0.26002952,0.9092013,0.8504474,0.70089126,1.6557171,0.0
1.4007248,0.24900433,0.8540405,0.38896734,0.97719043,0.49058682,3.089141,0.0
0.8327305,0.6616054,0.35791695,0.50919163,0.6855662,0.91600966,1.0434406,0.0
1.5196046,0.4071652,0.36191854,0.98210603,0.9073135,0.031505633,1.3014936,0.0
1.3508976,0.6183382,0.6925614,0.32518932,0.23989117,0.324628,4.7820773,0.0
1.0821574,0.72156614,0.9239035,0.16794646,0.98800164,0.54658264,2.3932154,0.0
1.4390296,0.58629185,0.9672657,0.061707236,0.16637091,0.22212495,2.8442008,0.0
1.0419883,0.4109202,0.17013533,0.35882413,0.656725,0.95150876,3.5527475,0.0
1.308254,0.64919406,0.32708448,0.9541663,0.45699388,0.05968337,1.9452465,0.0
1.0876195,0.7364534,0.81890154,0.1721876,0.98094803,0.2968946,1.8715453,0.0
1.3111506,0.82275045,0.23828119,0.8422292,0.8422595,0.91508657,4.351669,0.0
0.8941237,0.5404731,0.45461294,0.7743722,0.9637451,0.06515503,2.6104612,0.0
1.1491125,0.68731016,0.466025,0.9684437,0.5768264,0.7377382,1.0768844,0.0
1.383104,0.49930206,0.69925475,0.55174625,0.26951984,0.5461815,4.2797456,0.0
1.1850499,0.30390665,0.38051903,0.02263545,0.75968033,0.6964978,2.2270777,0.0
1.0755385,0.9639125,0.0058318623,0.5478245,0.9107038,0.29064912,3.6369038,0.0
1.2199538,0.79736054,0.7678747,0.87085664,0.7287216,0.08705101,2.8270664,0.0
1.3768241,0.23718712,0.62983596,0.9408828,0.8599799,0.6418434,1.1660649,0.0
1.5852922,0.27044672,0.50439113,0.61919945,0.32642215,0.42331797,1.7831676,0.0
1.1259656,0.61935496,0.59490085,0.30023834,0.568225,0.6805688,1.4662697,0.0
1.0720475,0.6467947,0.4252657,0.38726023,0.6278337,0.5470852,2.5202277,0.0
0.9947026,0.9487309,0.49778503,0.8729598,0.64980805,0.86309105,2.1593673,0.0
1.1545722,0.8918369,0.3779042,0.6438279,0.37531582,0.6466126,4.618885,0.0
1.1901063,0.5337521,0.21389998,0.3439449,0.92998785,0.6949779,2.6578434,0.0
1.6589963,0.21190874,0.9255726,0.42620307,0.5885462,0.13372676,1.5453206,0.0
0.8189261,0.65349054,0.5661718,0.5738629,0.91657156,0.2474149,3.5235553,0.0
1.6371688,0.23821366,0.78538823,0.66559607,0.41864765,0.35225886,4.3868756,0.0
1.2906585,0.90171796,0.4446195,0.99130565,0.7259882,0.21609527,1.6402671,0.0
1.6666217,0.3224952,0.9224893,0.720499,0.10450912,0.9190537,1.5012422,0.0
1.5008324,0.44155744,0.744623,0.9889969,0.634538,0.15461831,1.1212445,0.0
1.131552,0.71829635,0.80207133,0.34450507,0.4303574,0.77710325,3.3708916,0.0
1.295947,0.44825476,0.54066706,0.68516755,0.7960723,0.06047355,2.513899,0.0
1.1757097,0.9036309,0.037399177,0.7865187,0.332636,0.74298143,3.8067145,0.0
1.3349247,0.24597724,0.65836954,0.47038692,0.6734804,0.9856167,1.57108,0.0
1.5463446,0.37559593,0.2038158,0.7301797,0.22144294,0.3469477,4.052801,0.0
1.4511812,0.49098605,0.11299035,0.5446484,0.16289039,0.9162401,2.9079256,0.0
1.2209259,0.9075878,0.22108182,0.95825404,0.80003196,0.05103082,3.087384,0.0
1.3260758,0.24902923,0.28646058,0.2593076,0.7289643,0.7583981,1.2206755,0.0
1.0749676,0.7883703,0.24954152,0.08288089,0.5914436,0.27937624,4.667133,0.0
1.4317431,0.28538692,0.050734203,0.8256027,0.85254395,0.08643782,1.2829751,0.0
0.9426611,0.530001,0.12492231,0.7335342,0.80758065,0.7377283,2.192056,0.0
1.1427739,0.6758264,0.023762725,0.69711006,0.6253741,0.08696056,3.0963726,0.0
1.2201545,0.706138,0.27411896,0.92003065,0.6415336,0.08356159,4.390296,1.0
1.181165,0.8433001,0.15348175,0.19476801,0.45303607,0.011713033,1.9017565,2.0
1.1116706,0.7787926,0.3529229,0.31558943,0.5583916,0.32498837,2.4766533,3.0
1.1085021,0.9115314,0.23267402,0.03907798,0.98848224,0.9074151,1.295018,4.0
0.9120163,0.4918574,0.5992567,0.4128666,0.8121599,0.47208223,2.5044475,5.0
1.0643685,0.5768491,0.29990467,0.05931562,0.5423056,0.94037694,4.751405,6.0
1.0908418,0.783588,0.49988383,0.25361133,0.5941942,0.42284516,1.9576013,7.0
1.0459918,0.5405828,0.73903537,0.47343725,0.75060916,0.51270676,3.9061785,8.0
1.0606796,0.4850137,0.55186117,0.4123233,0.8231154,0.98977035,3.4104908,9.0
1.2122068,0.6220506,0.81495976,0.5619417,0.38280952,0.72151303,4.292081,10.0
1.168638,0.8602621,0.70887524,0.80531627,0.7050127,0.15135488,1.8489668,11.0
1.0850934,0.7551664,0.6274502,0.6824733,0.40432888,0.9844031,1.7634735,12.0
0.9709662,0.60561675,0.46930778,0.3960157,0.6886017,0.64661115,2.9684699,13.0
0.9794229,0.47733828,0.7404109,0.25822145,0.8182711,0.9162764,2.4974973,1.0
1.0774539,0.74694437,0.15864997,0.62046444,0.91036206,0.31438664,4.1517367,2.0
1.147105,0.5832301,0.8206508,0.19572252,0.4072689,0.95027864,2.563048,3.0
0.92877597,0.8070253,0.47063234,0.79076064,0.7498062,0.55596477,4.686504,4.0
1.0767976,0.67672074,0.6947714,0.35178208,0.5719446,0.7487393,3.0646105,5.0
1.081391,0.5673166,0.37783796,0.73656875,0.6947024,0.5809719,2.4335504,6.0
1.1132653,0.8910635,0.48187104,0.118072234,0.46464568,0.61742365,4.890151,7.0
1.2245474,0.6013706,0.9029988,0.44889423,0.7173155,0.31981832,1.7768724,8.0
1.0662367,0.6510518,0.6533326,0.5549666,0.7297227,0.42888498,2.482255,9.0
0.8925923,0.6544023,0.27332678,0.64187247,0.8294447,0.64630455,3.2929695,10.0
1.0346439,0.9578817,0.8071903,0.32168,0.71409404,0.518421,4.5583324,11.0
0.77817893,0.5982696,0.12415203,0.52109426,0.75713503,0.83873504,3.424285,12.0
0.8775586,0.670464,0.54937285,0.58238095,0.75828105,0.5534247,2.8731425,13.0
1.3065355,0.2874307,0.26170766,0.26154867,0.92588735,0.6338737,3.7969947,1.0
0.8605836,0.8010309,0.32419148,0.25754243,0.754929,0.30049124,2.4597023,2.0
1.4099935,0.7232942,0.027540611,0.50798047,0.115504555,0.21091318,4.270834,3.0
1.3326879,0.61610204,0.9343067,0.08738257,0.20035039,0.9983559,3.779645,4.0
1.2238379,0.63780975,0.6520239,0.86598945,0.3977851,0.6985665,2.1928039,5.0
1.0448847,0.77061206,0.58031005,0.601445,0.48515448,0.987321,3.0396082,6.0
1.244009,0.9515612,0.5293667,0.6586401,0.3012403,0.6367231,2.9205,7.0
1.0757785,0.7796621,0.5798102,0.66331357,0.71264434,0.3187915,2.652383,8.0
0.91178495,0.50144416,0.32817924,0.37625575,0.8064072,0.519518,3.0600343,9.0
1.115525,0.7108298,0.6348544,0.6426912,0.8866439,0.7525357,1.4186568,10.0
0.9364146,0.5356784,0.322991,0.25310302,0.7366069,0.5320312,2.3513916,11.0
0.7249456,0.6819368,0.2109233,0.25711468,0.72869766,0.8621212,2.43167,12.0
1.1808722,0.7249012,0.4873806,0.44881153,0.5035729,0.10455345,1.8384825,13.0
1.0982596,0.7718249,0.88425565,0.07528627,0.8130867,0.09954838,1.9605387,1.0
0.9653587,0.4483583,0.38222107,0.3528728,0.7937803,0.5799327,1.9655203,2.0
1.2266817,0.50826144,0.573414,0.49946713,0.56211925,0.5146433,3.44768,3.0
0.97040254,0.72013146,0.7092608,0.2283536,0.82803905,0.12768519,2.5967214,4.0
0.8852687,0.8142295,0.6230917,0.2146881,0.71849525,0.7030692,1.378233,5.0
1.3627152,0.8810229,0.9026112,0.01650326,0.15507117,0.38125712,2.8306105,6.0
0.9506263,0.61310595,0.43584913,0.38038704,0.8506923,0.58354414,2.2360551,7.0
1.0679804,0.60257494,0.6226215,0.40315303,0.7112313,0.4344537,2.8217754,8.0
0.9578224,0.7341064,0.1763726,0.88107014,0.79315966,0.38422924,4.1303864,9.0
0.8938367,0.67171764,0.66617215,0.24466792,0.7977658,0.32624614,2.1940022,10.0
0.8973076,0.69425386,0.71136576,0.27580985,0.8924952,0.49868354,2.4050176,11.0
0.9417206,0.5996169,0.561944,0.38667944,0.7575329,0.47760978,2.5863862,12.0
1.2315534,0.6082201,0.32111764,0.14800277,0.34968063,0.4688278,3.3024032,13.0
0.982552,0.79680765,0.9708453,0.22130935,0.7026484,0.73615956,2.2853525,1.0
1.0018307,0.7233526,0.36367044,0.27915666,0.65610117,0.5039316,3.7300775,2.0
0.9156072,0.7012632,0.41836128,0.3979722,0.7010988,0.6108913,3.096987,3.0
0.7719384,0.9796212,0.28675103,0.39433655,0.7879207,0.3288777,3.057215,4.0
0.8414063,0.7534593,0.6878938,0.33205292,0.73223126,0.6885597,2.5832047,5.0
0.86046576,0.8116503,0.45338905,0.64485157,0.7148289,0.72401905,2.597052,6.0
0.6870277,0.8904195,0.39780572,0.47793344,0.73826754,0.8561044,2.7724943,7.0
0.6246322,0.81502956,0.52286065,0.4110013,0.80251443,0.7668513,2.3203743,8.0
0.63916457,0.7372557,0.36865026,0.5521416,0.7888511,0.691154,2.9403408,9.0
0.7352843,0.63568866,0.4435339,0.3851544,0.78107613,0.6362751,2.433537,10.0
0.88780457,0.96319324,0.537106,0.12642315,0.84075606,0.80680346,2.7433171,11.0
0.70289665,0.6657118,0.41783383,0.4005863,0.79034233,0.6488499,2.9557898,12.0
0.6973766,0.77705055,0.2270501,0.530939,0.80322725,0.69921565,2.593663,13.0
0.87473845,0.5233398,0.42173156,0.025050249,0.7008771,0.94985956,3.443986,1.0
1.0669137,0.71246916,0.5879554,0.5072969,0.5915525,0.7092734,2.1240413,2.0
1.2409202,0.6959884,0.046974268,0.6692227,0.36462083,0.05605238,2.331763,3.0
1.0900582,0.5075715,0.7241013,0.44628862,0.90746266,0.9120138,3.8569348,4.0
0.6065003,0.80548555,0.23710181,0.41595715,0.8208504,0.44699737,3.081606,5.0
0.8606315,0.65781444,0.57069355,0.48956266,0.7690314,0.5202568,2.59918,6.0
0.9733218,0.67658734,0.50499773,0.40714583,0.6764532,0.6499916,2.5476532,7.0
0.8706557,0.6715944,0.40996253,0.38513637,0.72005713,0.643117,2.62451,8.0
0.67851704,0.68807733,0.011537569,0.25178635,0.77381605,0.7681397,1.3041687,9.0
0.80103844,0.9312723,0.5845274,0.31956303,0.718219,0.8116113,3.565353,10.0
0.74716824,0.62382877,0.20949535,0.5381921,0.78440547,0.6639578,2.304431,11.0
0.75532037,0.62755543,0.46916613,0.35198593,0.78893644,0.5290084,2.5052655,12.0
0.7598892,0.70301896,0.4933543,0.2874626,0.7780976,0.5015393,2.3897154,13.0
0.8075645,0.6662732,0.64645725,0.33925784,0.87070924,0.46865028,2.465061,1.0
0.96512014,0.63553625,0.580366,0.4280114,0.6911046,0.67123187,3.011631,2.0
0.8753357,0.8054443,0.6390613,0.4471631,0.7562788,0.52197397,3.8684232,3.0
1.3232275,0.69030493,0.4219956,0.70668733,0.18411167,0.9533358,3.4897084,4.0
1.115389,0.6858149,0.4513552,0.64126277,0.4967188,0.7269932,3.4055107,5.0
1.0297093,0.68962264,0.46447134,0.57571834,0.6436013,0.65702105,3.3322113,6.0
0.86885315,0.5718432,0.5302963,0.48020393,0.8090293,0.74501574,3.233739,7.0
0.86259025,0.61576605,0.47352836,0.42561916,0.7390468,0.6450224,2.9212277,8.0
0.8901012,0.66109544,0.46810475,0.53306574,0.7390998,0.5971,3.1526077,9.0
0.8414362,0.6342739,0.52919203,0.46298158,0.75354767,0.6093286,3.0494153,10.0
0.7915711,0.7158061,0.46629372,0.6255655,0.7639504,0.60330343,3.86378,11.0
0.81688577,0.6540035,0.41055682,0.36392033,0.80710214,0.72080886,3.7190297,12.0
0.83377755,0.66337204,0.49182492,0.41323555,0.8262834,0.67713356,3.4395642,13.0
0.9757134,0.6906199,0.51112247,0.28801477,0.6920275,0.53217125,2.2878375,1.0
0.723084,0.7170037,0.32191792,0.5174446,0.85096073,0.3986599,3.41557,2.0
1.1243885,0.6264347,0.38834828,0.23796394,0.56075424,0.49685872,3.2124329,3.0
0.5663298,0.87761664,0.98824924,0.2624092,0.9347642,0.19170675,1.2617632,4.0
0.90563774,0.83486474,0.8225843,0.011302628,0.87002236,0.17241101,1.4223598,5.0
1.0543964,0.62926286,0.64693296,0.51013714,0.78913647,0.26543114,4.5355835,6.0
0.9754382,0.66754586,0.5987593,0.35881174,0.71609163,0.5328426,2.087396,7.0
0.8516919,0.69943666,0.5362381,0.29785833,0.7614431,0.47877476,2.3519294,8.0
0.68756694,0.7496748,0.42430136,0.5951615,0.82852226,0.37644342,3.1824014,9.0
1.3953812,0.25326082,0.74388194,0.23727475,0.51551247,0.8240214,2.9852915,10.0
0.81748295,0.657053,0.6402225,0.42275327,0.818512,0.35688257,3.5496883,11.0
0.6616402,0.7929548,0.71421695,0.20893267,0.8634953,0.28753698,1.9750582,12.0
0.5740704,0.97932804,0.99576014,0.5061662,0.9568466,0.18898678,2.605508,13.0
0.77070457,0.6189284,0.44157046,0.24684359,0.7466518,0.75426865,3.2038713,1.0
0.83977675,0.71186984,0.57334125,0.4062596,0.76641136,0.5176517,2.421951,2.0
0.6483443,0.8112149,0.34962815,0.48457912,0.8155169,0.6107957,3.5324996,3.0
0.68004495,0.94344336,0.63208675,0.16431248,0.87163424,0.48091194,2.9829104,4.0
0.6621097,0.76322705,0.5538028,0.3942433,0.79470325,0.5387993,2.543915,5.0
0.70424527,0.827133,0.42000875,0.13369985,0.8193356,0.7041109,2.1153471,6.0
0.63734585,0.7377013,0.49761882,0.34891593,0.808499,0.55906945,2.5530791,7.0
0.65780324,0.714715,0.45019025,0.3223742,0.7799577,0.6641627,3.085308,8.0
0.58630383,0.90259635,0.71258235,0.15919264,0.7811529,0.7966567,1.6912605,9.0
0.77653,0.6814252,0.5103127,0.55846983,0.88671905,0.3391188,2.5465977,10.0
0.6061348,0.8722738,0.60130197,0.26340124,0.8437293,0.5315622,2.7460458,11.0
0.6081864,0.9422805,0.5479416,0.19040336,0.8164095,0.7277991,2.863724,12.0
0.5810588,0.8548491,0.48811972,0.40930822,0.78113145,0.71855533,2.657682,13.0
0.7827914,0.62869656,0.6931846,0.3482061,0.832732,0.6332324,2.707655,1.0
0.69192463,0.7198459,0.5907498,0.4475519,0.8647931,0.39745978,3.0680242,2.0
0.86488456,0.89078504,0.64589864,0.430151,0.7788993,0.44143865,3.032087,3.0
0.6941849,0.9132919,0.60478973,0.42694193,0.863183,0.5306382,3.031306,4.0
0.6858389,0.8368781,0.59227794,0.3947355,0.79235375,0.5125179,2.9238305,5.0
1.0767117,0.7266566,0.51595116,0.39165473,0.64736843,0.35535875,2.3083236,6.0
0.58984596,0.97813416,0.7966918,0.38771763,0.9556561,0.109805666,2.460285,7.0
0.6449864,0.7668174,0.81837535,0.28446537,0.95969164,0.13872541,4.5441117,8.0
0.6250028,0.7797798,0.5487392,0.35771775,0.81615376,0.4658124,2.5811079,9.0
0.6053127,0.8801012,0.64014846,0.3746799,0.8075814,0.5455751,3.319463,10.0
0.6834417,0.9834515,0.45320857,0.4040795,0.8660356,0.1995953,3.465358,11.0
0.60349363,0.7930276,0.46350017,0.32454434,0.80919594,0.5723278,2.8257148,12.0
0.61187524,0.8073677,0.5812084,0.47145626,0.86030006,0.34180152,3.0687125,13.0
0.8356352,0.5697359,0.6067878,0.3779727,0.7294338,0.8515512,4.5344796,1.0
0.74032474,0.9042929,0.1816281,0.39209005,0.761841,0.5325078,2.7423618,2.0
1.0361929,0.5530675,0.8623596,0.012350313,0.9880653,0.64705706,2.4552014,3.0
0.767862,0.7573504,0.50431174,0.3189288,0.74218136,0.6994819,1.9412671,4.0
1.6682558,0.27922744,0.5310506,0.25676644,0.14239255,0.86746347,1.980394,5.0
0.8007543,0.9756872,0.1248765,0.25882104,0.8777128,0.24239703,3.8633199,6.0
0.75404644,0.7864872,0.36045814,0.51366377,0.7476638,0.6772277,2.473243,7.0
0.6872653,0.73425955,0.45640036,0.34795943,0.83251584,0.515524,2.4986281,8.0
0.68056387,0.7574131,0.38192683,0.3531216,0.7688679,0.64962924,2.1917973,9.0
0.6751257,0.97005194,0.014339747,0.24424344,0.80218244,0.35050455,1.9844286,10.0
0.66177636,0.8825889,0.26435158,0.38397774,0.7879831,0.4694589,2.6157682,11.0
0.6559763,0.8784867,0.18053935,0.30808222,0.83725643,0.40779167,3.0508428,12.0
0.70847964,0.6738161,0.4170701,0.3786444,0.7650677,0.7114321,3.523872,13.0
0.9600998,0.7263786,0.24451585,0.1323622,0.6538114,0.59762645,4.5827203,1.0
0.79044235,0.73551476,0.3604993,0.25030532,0.7250289,0.67902416,3.8429456,2.0
0.7318924,0.77373976,0.35881007,0.3866255,0.8080961,0.7146223,3.4046345,3.0
0.6634995,0.8396278,0.48227915,0.2541528,0.8097505,0.7450596,2.9228983,4.0
0.71464527,0.826677,0.50880563,0.36654237,0.75039405,0.7218248,2.3083484,5.0
0.68527395,0.7408551,0.36411655,0.33162004,0.75520575,0.710433,3.311887,6.0
0.6984782,0.81056887,0.40029547,0.33863276,0.7321816,0.8342288,2.7840788,7.0
0.7234608,0.78362316,0.40468067,0.30553257,0.7713275,0.51774347,2.7841244,8.0
1.0594101,0.49511564,0.59497106,0.30660444,0.6473725,0.7898513,3.0485566,9.0
0.57046705,0.9532895,0.68746626,0.18098828,0.7800209,0.8131878,3.260944,10.0
0.70962644,0.7751137,0.6355647,0.26879075,0.8035574,0.42957804,2.742726,11.0
0.664426,0.7040799,0.3242677,0.4150598,0.77176476,0.7725138,3.12771,12.0
0.632381,0.7688796,0.5270868,0.3136498,0.79025865,0.5879504,2.823258,13.0
0.62676257,0.8067844,0.43581358,0.41656235,0.81281966,0.6382293,2.46588,1.0
0.5992651,0.79419523,0.6818908,0.32071614,0.7903034,0.728968,3.0134711,2.0
0.64821666,0.8164327,0.80773026,0.3273991,0.8378252,0.4387023,1.8316779,3.0
0.64155895,0.7284512,0.5415093,0.34265438,0.80119115,0.61801714,2.4419596,4.0
0.5499828,0.93024534,0.88144857,0.3570995,0.86861444,0.49764296,1.3161565,5.0
0.5944283,0.7962016,0.62919515,0.31960896,0.81987756,0.5910724,2.2621946,6.0
0.6144266,0.76323175,0.57655394,0.34182453,0.7989694,0.6534576,2.7507043,7.0
0.5992294,0.8334507,0.62796146,0.35382357,0.8094001,0.550519,2.621505,8.0
0.6065275,0.90127856,0.6639341,0.29401502,0.8244246,0.738746,2.2431657,9.0
0.6679098,0.7424675,0.67148066,0.35784122,0.82046163,0.47113964,2.9082525,10.0
0.5787384,0.919015,0.9962394,0.16001251,0.87053126,0.41474628,1.6089629,11.0
0.57486683,0.8416527,0.6208798,0.3426267,0.8301049,0.57264334,2.1297603,12.0
0.5991342,0.80938673,0.70510894,0.32380003,0.8325446,0.4972974,2.434667,13.0
0.59307325,0.81560946,0.54101884,0.35575873,0.80749804,0.5460284,2.6349976,1.0
0.58481646,0.8243168,0.5290991,0.31706166,0.79474795,0.62250584,2.8098147,2.0
0.6370537,0.73682827,0.95252764,0.1991035,0.8484202,0.5957258,2.408878,3.0
0.57067,0.9614587,0.7314455,0.31861213,0.88944113,0.3518166,3.4177878,4.0
0.56441385,0.9203585,0.37740663,0.4397659,0.7727421,0.79457915,3.9536943,5.0
0.6062411,0.790487,0.42684257,0.38246393,0.7975633,0.65733093,3.0761428,6.0
1.2900136,0.57934314,0.07136765,0.40100682,0.26166216,0.8739058,3.3948145,7.0
0.58953696,0.8198589,0.78216785,0.2663737,0.8416069,0.5610052,2.744742,8.0
0.839535,0.6703676,0.5313735,0.32779846,0.72219276,0.71162677,3.0878873,9.0
0.6750517,0.76807636,0.53835243,0.32803726,0.7725278,0.64607257,3.123727,10.0
0.59212786,0.82198787,0.5182897,0.33525607,0.7908777,0.63023776,3.195196,11.0
0.57803386,0.8446746,0.599726,0.3380688,0.8275948,0.50398123,2.844493,12.0
0.57464725,0.93273014,0.7072885,0.34893137,0.88667417,0.3588258,2.8160987,13.0
0.6247154,0.7986548,0.5368963,0.39574146,0.84826404,0.45192692,2.9202733,1.0
0.62502235,0.77054113,0.46604398,0.36485556,0.8137676,0.5643829,2.8131373,2.0
0.9248437,0.78676313,0.52834016,0.39024457,0.7350085,0.45810333,2.5811574,3.0
0.59284335,0.82573617,0.4655135,0.3432173,0.80518174,0.51064634,2.8390195,4.0
0.7425208,0.9067771,0.79482394,0.16728176,0.9162229,0.3734701,3.1168776,5.0
0.6660929,0.87992847,0.5957756,0.25222757,0.866555,0.45473966,2.9711957,6.0
0.5679376,0.9181483,0.28529903,0.2998847,0.81816983,0.41998297,2.381177,7.0
0.57370603,0.93368137,0.7495234,0.21551043,0.87069625,0.34377936,1.9417801,8.0
0.6218032,0.9608011,0.48998582,0.28955448,0.8672377,0.41822216,2.429779,9.0
0.6505599,0.8575653,0.8775285,0.30074844,0.90330285,0.39724314,2.5196774,10.0
0.5863844,0.850221,0.5559133,0.3627772,0.8514094,0.4304589,2.7120514,11.0
0.67023706,0.75071913,0.76676494,0.17498752,0.81936294,0.79448956,1.768631,12.0
0.6124655,0.82427984,0.6873646,0.2524757,0.8404197,0.59296095,2.1718764,13.0
0.6925318,0.8078757,0.41860536,0.5935877,0.83087647,0.34689432,3.3271768,1.0
1.115978,0.8252471,0.38606992,0.33978564,0.48426694,0.6954095,1.3435398,2.0
1.0041528,0.8168106,0.36829054,0.35898152,0.64095575,0.63915384,2.0860384,3.0
0.69427824,0.81961715,0.3685501,0.28817204,0.7797339,0.52189916,1.9944065,4.0
0.6289486,0.76965404,0.33978438,0.10192589,0.78334314,0.7640425,2.2088742,5.0
0.86784416,0.7997463,0.40521747,0.3569286,0.7225307,0.59251726,2.274998,6.0
0.63566,0.75684583,0.23773572,0.2975345,0.7922677,0.66045034,2.0562084,7.0
0.6173794,0.86128616,0.51349646,0.3757978,0.8378792,0.5368575,2.8696544,8.0
0.6020418,0.81942123,0.40305594,0.32825077,0.79712,0.5303865,2.3893688,9.0
0.5598032,0.86319345,0.57604396,0.38602418,0.83856183,0.4738457,1.8613517,10.0
0.6295563,0.9210721,0.28807822,0.30704996,0.8232697,0.5734023,2.567724,11.0
0.5479059,0.94513375,0.48926416,0.3097463,0.80670667,0.63068473,2.5490522,12.0
0.6388488,0.81647044,0.82929575,0.34927887,0.79394794,0.68765366,2.0814314,13.0
0.59943455,0.7990788,0.48391843,0.40228415,0.8059875,0.62872016,2.5863755,1.0
0.5788492,0.88323516,0.6561654,0.32433155,0.82111585,0.52478695,2.7350965,2.0
0.5661801,0.8889971,0.6586535,0.29890546,0.83340764,0.5969828,2.2930505,3.0
0.56512135,0.9718304,0.9338194,0.18472698,0.87959236,0.5106175,1.3547803,4.0
0.56650096,0.8595274,0.61963356,0.32034966,0.8285204,0.57022905,2.217495,5.0
0.5773855,0.91201854,0.6376243,0.39657658,0.9010198,0.25543484,2.7089567,6.0
0.58870363,0.8375324,0.53491014,0.1868639,0.8206611,0.61127114,2.1185508,7.0
0.5661206,0.88000757,0.6112093,0.23758173,0.8363754,0.5441594,2.1911685,8.0
0.5570994,0.89545614,0.67895466,0.29997003,0.8396923,0.4974937,2.426484,9.0
0.55183494,0.87912655,0.85921556,0.1380711,0.816431,0.7149615,1.2059573,10.0
0.58713156,0.92298853,0.28109676,0.44414812,0.86615163,0.2744174,3.0020933,11.0
0.56778187,0.8660331,0.67573583,0.3158613,0.83505225,0.499691,2.3187168,12.0
0.5649044,0.95415074,0.7346363,0.1738059,0.83568287,0.6652756,1.6881143,13.0
0.5475709,0.9664513,0.9493634,0.2356297,0.8690792,0.45585123,1.726679,1.0
0.57900995,0.91178584,0.602415,0.27873522,0.8326082,0.5982385,2.6538088,2.0
0.5631659,0.8938583,0.67050046,0.33451593,0.86035883,0.4298502,2.3803835,3.0
0.5630865,0.8765525,0.6630532,0.33100668,0.83840317,0.48763493,2.3418565,4.0
0.5956491,0.9208765,0.7758832,0.36288297,0.83791363,0.4750812,1.6405288,5.0
0.55276823,0.9232228,0.8685718,0.25203148,0.86955494,0.41403556,1.8671281,6.0
0.6798081,0.8660355,0.58956677,0.3436158,0.79632103,0.5016032,2.1573744,7.0
0.5664243,0.85763144,0.6951246,0.30655703,0.8198542,0.60393286,2.530636,8.0
0.55149174,0.9220466,0.78749263,0.34966677,0.8529036,0.46874917,1.921362,9.0
0.65851814,0.9576563,0.8310271,0.28299898,0.8926871,0.4763282,1.9152479,10.0
0.5848282,0.88999236,0.7599922,0.307069,0.87418807,0.4405602,2.281085,11.0
0.55033576,0.9184389,0.54435205,0.3049382,0.83899444,0.43947184,2.1533856,12.0
0.5798322,0.943438,0.8267319,0.30503467,0.8815889,0.4548242,1.9742484,13.0
0.5436171,0.9326733,0.7088854,0.16562197,0.7889909,0.83036256,2.1322918,1.0
0.5725005,0.9124537,0.56056076,0.28201622,0.8391337,0.5257661,2.4357972,2.0
0.74976724,0.8148202,0.56510794,0.3559057,0.7731486,0.5483993,2.5184457,3.0
0.5986866,0.8189551,0.40784627,0.31329775,0.80713844,0.6272824,2.2763846,4.0
0.5927918,0.9145733,0.7714854,0.27929658,0.8350678,0.7152192,2.313381,5.0
0.5739851,0.9210668,0.88277984,0.26267737,0.8095914,0.70206064,2.696684,6.0
0.5936527,0.91875225,0.76642764,0.2678794,0.77457243,0.8517225,1.9449735,7.0
0.6083911,0.84470737,0.6451005,0.31791973,0.79771566,0.5969968,2.4267766,8.0
0.574143,0.84517306,0.5627262,0.32988632,0.8090914,0.6427784,2.790535,9.0
0.56748974,0.8708461,0.63342774,0.3106899,0.80589706,0.6182947,2.5066302,10.0
0.54554355,0.95443416,0.83803445,0.12642989,0.8406653,0.61077833,2.4015193,11.0
0.54753804,0.9150803,0.73614424,0.2686892,0.80360764,0.7264718,2.1417594,12.0
0.5639139,0.92264134,0.48626518,0.20724589,0.82073534,0.62474346,2.0478704,13.0
0.55388904,0.95584595,0.6946992,0.3275186,0.82305187,0.5919771,3.1671696,1.0
0.5609399,0.96972126,0.9201715,0.27765653,0.8128048,0.7409226,3.1428683,2.0
0.57658774,0.8431849,0.5809663,0.322728,0.8195,0.56823844,2.8701448,3.0
1.0385563,0.6923181,0.050087307,0.39605945,0.51860934,0.9522589,4.50039,4.0
0.57485926,0.8583966,0.6539508,0.2951843,0.82462245,0.6207194,2.5920591,5.0
0.5499889,0.9827851,0.6197815,0.30914432,0.81092983,0.6712687,3.7663264,6.0
0.56527907,0.8635156,0.60932094,0.3246552,0.81206596,0.60231197,3.0409138,7.0
0.5638191,0.8816339,0.59866345,0.33076835,0.8223244,0.5843696,3.020639,8.0
0.89168435,0.8033952,0.36356318,0.36852896,0.66293645,0.81438315,3.7702992,9.0
0.56347924,0.9452177,0.6840597,0.32676515,0.84921384,0.5080274,3.3831947,10.0
0.5728316,0.8743686,0.7622584,0.33022588,0.80888623,0.6536006,2.6300704,11.0
0.60158616,0.8291496,0.5305803,0.34307528,0.8248316,0.5720071,2.9062376,12.0
0.56679136,0.8791983,0.6137888,0.32661465,0.8234732,0.5972725,3.0441632,13.0
0.54504126,0.9783839,0.7157095,0.22763209,0.8340811,0.62978536,1.6890879,1.0
0.56778055,0.85545295,0.62624407,0.31975454,0.82386154,0.5860864,2.351424,2.0
0.560044,0.8835551,0.6139869,0.30723754,0.8188425,0.6180276,2.4694068,3.0
0.5702191,0.95568407,0.5219974,0.28502065,0.7895985,0.68294203,2.2159786,4.0
0.55248207,0.9793878,0.56230724,0.31927294,0.8156207,0.6299112,2.9385414,5.0
0.5518518,0.9180193,0.6638014,0.3065838,0.84167904,0.522174,2.32826,6.0
0.55627084,0.89122015,0.6190747,0.301664,0.8245407,0.58888173,2.364357,7.0
0.5562175,0.9128335,0.5987192,0.2661761,0.82317275,0.6085378,2.394828,8.0
0.5455263,0.9469259,0.5753793,0.29035684,0.8078847,0.63785017,2.2627585,9.0
0.5480706,0.9158753,0.637915,0.2882993,0.8232908,0.604408,2.2557464,10.0
0.54912406,0.9192986,0.6608515,0.3000851,0.8343696,0.5392229,2.3534129,11.0
0.5621593,0.9628716,0.59161454,0.33661228,0.78722465,0.7530773,2.5854535,12.0
0.5558662,0.8980895,0.7624872,0.21025449,0.85846615,0.48825523,1.6906532,13.0
0.5734234,0.89130515,0.81946886,0.19269297,0.78407115,0.85333776,1.3560826,1.0
0.55186146,0.89436364,0.7632773,0.28352347,0.8226327,0.6337097,2.310782,2.0
0.556103,0.9001298,0.68801427,0.2889903,0.8325007,0.58784723,2.510106,3.0
0.5453351,0.9173144,0.8400783,0.3266676,0.8497939,0.5238776,1.7027596,4.0
0.5493346,0.93337655,0.7731572,0.21363477,0.8370613,0.6300392,1.7979972,5.0
0.56285673,0.91376525,0.53620565,0.26881835,0.8255169,0.6039378,2.1443343,6.0
0.5530309,0.925832,0.738538,0.29820055,0.8443318,0.541915,2.5914745,7.0
0.56642437,0.9170252,0.52299494,0.32400495,0.8436073,0.47443908,2.4357693,8.0
0.5410639,0.9466465,0.9554764,0.19771084,0.85313183,0.5852244,1.1618488,9.0
0.55302674,0.91724896,0.65537786,0.27674723,0.8360108,0.5751438,2.0447721,10.0
0.5456055,0.92500067,0.78840494,0.2676608,0.84421986,0.5632599,2.115155,11.0
0.54302317,0.9599973,0.9251377,0.22912869,0.8515185,0.5600812,1.564945,12.0
0.54658604,0.92943287,0.7578272,0.25434566,0.84260637,0.5748241,1.8855212,13.0
0.55543333,0.8954764,0.7042771,0.28373563,0.8267688,0.6032574,2.5765707,1.0
0.5406243,0.93849444,0.75476235,0.33606324,0.78131306,0.93518984,3.3925345,2.0
0.5655123,0.87012225,0.7716912,0.2775538,0.83840346,0.57366896,2.698198,3.0
0.64233947,0.80875653,0.6312278,0.41712832,0.85636187,0.4893017,2.6068776,4.0
0.5571582,0.8832727,0.74524,0.25042954,0.8012013,0.72904676,2.608434,5.0
0.54797024,0.90930104,0.89610195,0.25976112,0.8821897,0.41188362,1.8709897,6.0
0.54268783,0.9731528,0.92788285,0.23903999,0.83579695,0.66966605,2.1844642,7.0
0.55259967,0.9052308,0.786116,0.27750432,0.8344844,0.60587746,2.6176994,8.0
0.55101347,0.96502006,0.90066403,0.29894906,0.87550133,0.48425657,2.2280283,9.0
0.5514792,0.90907586,0.7196586,0.2979822,0.8187267,0.6340421,2.5519903,10.0
0.551076,0.9541121,0.855359,0.2338234,0.85303354,0.58025,2.0444505,11.0
0.5472576,0.95979613,0.85670996,0.27613062,0.82286876,0.6842909,2.814519,12.0
0.54622996,0.9557275,0.8496139,0.29021025,0.8491428,0.5836925,2.4615636,13.0
0.57289076,0.9167672,0.7179275,0.29423165,0.8381228,0.62063766,2.4442303,1.0
0.54826146,0.93526524,0.6726543,0.23474367,0.8068713,0.67342645,2.8369615,2.0
0.5590301,0.89001054,0.7015614,0.33208805,0.8427503,0.5378645,2.3250806,3.0
0.553732,0.9445099,0.53061104,0.27166888,0.8334193,0.51788485,2.3847198,4.0
0.56300455,0.87295234,0.6122122,0.30516195,0.8134417,0.5863282,2.6757565,5.0
0.5575125,0.8978798,0.6383182,0.30229935,0.8214378,0.5732343,2.7658463,6.0
0.5468961,0.9742993,0.6825669,0.22944927,0.83244765,0.57827616,2.3890345,7.0
0.55233544,0.9281206,0.6937859,0.27867657,0.8359155,0.58016425,2.4101675,8.0
0.5511621,0.9118387,0.70021176,0.3063612,0.83765435,0.54510933,2.4175577,9.0
0.55304825,0.9224114,0.6005151,0.2499269,0.8270827,0.5900938,2.2875333,10.0
0.55468655,0.90322626,0.66150284,0.28610957,0.8253556,0.57005817,2.5042799,11.0
0.5464326,0.98686403,0.6954133,0.22113048,0.8575418,0.48067972,1.6846603,12.0
0.54871166,0.9262606,0.6560862,0.27689272,0.8302776,0.5603642,2.4463627,13.0
0.5428163,0.9714677,0.75620955,0.1635397,0.8274714,0.62423986,1.8491441,1.0
0.547507,0.94809747,0.73502326,0.29243112,0.8283884,0.609726,2.6813462,2.0
0.5463688,0.91301596,0.7738143,0.21885565,0.80081815,0.7670141,1.8712236,3.0
0.54142714,0.975688,0.83711976,0.15480477,0.8003211,0.84543735,2.2253115,4.0
0.550388,0.9829817,0.928352,0.12793587,0.79411304,0.92570966,2.1107259,5.0
0.538195,0.95263267,0.815923,0.10783728,0.7987343,0.8638847,1.9474281,6.0
0.54854417,0.91909206,0.58683276,0.259601,0.807121,0.66513723,2.6838312,7.0
0.5431779,0.96783197,0.9427067,0.17147599,0.8067193,0.860552,1.7681776,8.0
0.54276365,0.9417998,0.8390818,0.27355722,0.83945507,0.6294941,1.8410587,9.0
0.5411567,0.9776641,0.9325479,0.13170397,0.79431206,0.97979563,1.6013345,10.0
0.5410326,0.9853637,0.9984951,0.2261922,0.81796074,0.87442195,2.1263232,11.0
0.5415499,0.9567846,0.87393874,0.21884364,0.83831084,0.623338,1.9089383,12.0
0.5454369,0.9132993,0.707726,0.29361883,0.8246235,0.63413215,2.0514824,13.0
0.5446194,0.9633328,0.63739574,0.24707782,0.8014066,0.7696151,2.2506983,1.0
0.5455041,0.9297303,0.7233215,0.2684918,0.82287496,0.6389261,2.305895,2.0
0.54650116,0.9308613,0.6962179,0.2781626,0.82117474,0.63456666,2.3842387,3.0
0.5505467,0.9225222,0.6347537,0.286178,0.8202372,0.62925464,2.4646497,4.0
0.5400613,0.9539745,0.7739407,0.24605732,0.81956065,0.71372813,1.8092666,5.0
0.5432331,0.92472357,0.84884936,0.2554276,0.8259774,0.7219035,1.3882828,6.0
0.54872346,0.9646086,0.68543756,0.2799943,0.8189926,0.66232204,2.7917826,7.0
0.54495287,0.9547167,0.7295566,0.26280314,0.8244956,0.65652394,2.3116672,8.0
0.5397893,0.97532266,0.8015647,0.22445108,0.82248825,0.7023128,1.6648264,9.0
0.54507536,0.9224708,0.74002963,0.26206762,0.82647043,0.6398939,2.172042,10.0
0.53998226,0.9862553,0.81996083,0.20369992,0.81569177,0.7732328,1.2265048,11.0
0.54157364,0.94706994,0.7358947,0.25316992,0.8230603,0.6588747,2.0503578,12.0
0.5385924,0.96948385,0.8451877,0.19458583,0.8206175,0.744472,1.0761669,13.0
0.5473041,0.9301122,0.7251511,0.29331318,0.8386305,0.5600242,2.3223338,1.0
0.5490876,0.9278228,0.6081547,0.36526456,0.80988634,0.6738305,3.0448828,2.0
0.5449441,0.93750525,0.99443877,0.36131084,0.86265093,0.5125833,2.0613976,3.0
0.5428623,0.97265893,0.86649114,0.25875634,0.8200885,0.75928,3.0416915,4.0
0.54790777,0.9332403,0.6966557,0.30473328,0.8362543,0.5383633,2.314169,5.0
0.54547274,0.9408318,0.7825572,0.29863486,0.8372796,0.57832515,2.3343484,6.0
0.5470175,0.937784,0.73771536,0.3300738,0.8262851,0.6376756,2.6702924,7.0
0.54453325,0.92680806,0.8712169,0.2841784,0.85934204,0.5139445,2.1542456,8.0
0.54280907,0.9690443,0.9429618,0.28781444,0.8341651,0.6908148,2.4760394,9.0
0.5420857,0.9486716,0.95044565,0.31180254,0.8610107,0.56234723,1.8281196,10.0
0.54555464,0.93238056,0.7696175,0.29834062,0.8393843,0.56947196,2.2613666,11.0
0.5430204,0.9391995,0.83902156,0.29764995,0.84374905,0.5798775,2.2117398,12.0
0.5431087,0.94708604,0.8385187,0.292795,0.8390235,0.60465115,2.2875752,13.0
0.5444093,0.956867,0.8468212,0.26729026,0.8197354,0.69524914,1.8980836,1.0
0.74244756,0.8708699,0.5385654,0.31865737,0.7467264,0.70736384,2.9030912,2.0
0.5571737,0.974883,0.92601573,0.19919156,0.81142396,0.7671972,1.6600502,3.0
0.5509462,0.9632073,0.89946574,0.2529569,0.82452667,0.67616206,1.5789351,4.0
0.5425483,0.95652956,0.8290706,0.2506643,0.82704246,0.6489453,1.7353178,5.0
0.5475235,0.96465796,0.6508264,0.284071,0.82483864,0.6117892,2.411056,6.0
0.54930335,0.9515023,0.687141,0.2608247,0.8117342,0.6545201,1.7883834,7.0
0.54781324,0.93101513,0.52400327,0.31427655,0.8482469,0.4282976,2.1038868,8.0
0.5447106,0.9430121,0.6296659,0.28580832,0.83849293,0.5196336,2.0353181,9.0
0.54379016,0.9439611,0.75206023,0.23812805,0.83648217,0.60433966,1.8864827,10.0
0.5413043,0.91569436,0.79537845,0.19628187,0.8259223,0.649397,1.5799972,11.0
0.5428602,0.98514366,0.80472696,0.2372418,0.84870636,0.5412989,1.6756265,12.0
0.54269576,0.93922997,0.70529705,0.26599145,0.8332941,0.58178556,2.0097356,13.0
