like1,parFFf,paralpha,parbeta,parQQf,pargamma,park,chain,like_val
1.4343071,0.33781606,0.83763593,0.36001658,0.6601062,0.64627624,2.2172701,0.0,0.9504661473645415
1.3011137,0.6364337,0.46278524,0.9394848,0.13173564,0.06751827,2.426086,0.0,1.2160141776311948
1.0078928,0.5664592,0.19318365,0.5421392,0.57321364,0.40899426,3.4474802,0.0,0.8683254776209416
1.0953679,0.70475906,0.78489476,0.22384234,0.44522947,0.40612918,1.8442072,0.0,1.0794067478936962
1.4051397,0.46468964,0.010245142,0.8876106,0.2073993,0.32280037,3.1551125,0.0,1.1835195566992138
1.433515,0.92673856,0.47794,0.6843858,0.14323735,0.18350793,4.6055746,0.0,1.2868226182036102
1.1346829,0.7890756,0.28579703,0.8858994,0.6831772,0.11523777,2.2611816,0.0,1.1425062516525462
1.1222085,0.7232733,0.014305592,0.8375523,0.909746,0.009546152,1.8705302,0.0,1.1191269179762773
1.2279621,0.8476297,0.7167428,0.97869194,0.70060056,0.3225452,1.4747541,0.0,1.1674713224395554
1.68368,0.25987965,0.1960237,0.014117652,0.607032,0.3191818,3.226138,0.0,1.1025408035058502
0.76753324,0.60549974,0.2855786,0.8553256,0.9859042,0.15280895,1.5138085,0.0,0.7674690063003841
0.9573229,0.8499548,0.67704666,0.89885503,0.97718406,0.9143504,2.3372018,0.0,0.8913056075346774
1.1544274,0.8282233,0.9291371,0.09152413,0.3342885,0.85913366,2.1218295,0.0,1.1047835246029905
1.1791784,0.9831222,0.28525126,0.5760992,0.4823824,0.69838953,4.1609793,0.0,1.020152272559885
1.0086771,0.48891917,0.4776533,0.60293263,0.87208724,0.6075592,4.824993,0.0,0.8396318225798346
1.2592142,0.91047907,0.4982463,0.55432254,0.29792526,0.33572358,2.1219518,0.0,1.1925730732672455
1.3298713,0.5091464,0.8622691,0.08377183,0.2315449,0.16127728,3.2919185,0.0,1.1666397275224476
1.2283224,0.41232836,0.12473155,0.8737084,0.88099164,0.6311617,2.7583315,0.0,0.9084332038148607
0.88096946,0.5256937,0.15185645,0.17736936,0.6207161,0.7551371,1.376148,0.0,0.7189120893462484
1.049441,0.8062051,0.86816895,0.69592017,0.8060041,0.2769772,4.9912524,0.0,0.985828176191671
2.0097775,0.2061115,0.34500018,0.8534335,0.2596978,0.6117793,2.2377815,0.0,1.3447491892793844
1.7308437,0.27054226,0.80661523,0.9879073,0.30354294,0.9684891,1.0336218,0.0,1.119391842900511
1.8307177,0.2511961,0.5490743,0.21743312,0.34700888,0.098172806,1.7751888,0.0,1.2228144234116594
1.3613656,0.95109195,0.22463387,0.20545782,0.21861319,0.4348623,4.135234,0.0,1.2479859432013285
1.2279413,0.62926435,0.93038905,0.71813923,0.33145514,0.28431278,2.9895782,0.0,1.194388683948833
1.0426714,0.7313157,0.3711717,0.9128874,0.96807194,0.50129974,2.253431,0.0,0.9898378263601191
1.6084449,0.94778115,0.2013757,0.99803704,0.27567512,0.33124626,1.637328,0.0,1.3391234547694155
1.067604,0.4917947,0.61133957,0.8323321,0.8780441,0.23703164,3.7808578,0.0,0.7570421816059061
1.1064466,0.92069435,0.944776,0.5281126,0.61289036,0.6438793,4.1945305,0.0,0.9753823524079335
1.0001202,0.55869246,0.37834355,0.34434018,0.5461995,0.53233063,3.4044392,0.0,0.8214442474993437
1.9519812,0.22857039,0.93659925,0.42112085,0.5479076,0.26725137,2.9772792,0.0,1.3725321007991278
1.2922868,0.74537176,0.6538529,0.39825788,0.11227457,0.082183346,4.2086854,0.0,1.2195386168870528
1.4698038,0.3110582,0.29121038,0.59786063,0.64541185,0.6302115,4.033318,0.0,0.9418307352043095
1.8254942,0.23949799,0.99337804,0.7310575,0.88136274,0.50377303,4.411725,0.0,1.216109511919585
1.2246544,0.7069259,0.65854704,0.9644923,0.28417116,0.1494058,2.978472,0.0,1.2134717786372202
1.3846623,0.3547195,0.7873278,0.7023212,0.87769747,0.94000185,2.122923,0.0,0.9658321624886169
0.8789341,0.74711096,0.89021564,0.018698944,0.63733786,0.6641724,2.1308985,0.0,0.7668597917904614
0.7549882,0.61123925,0.7738266,0.19645675,0.8050704,0.805815,1.8689803,0.0,0.7620115447821232
1.270104,0.36357826,0.44185257,0.73562735,0.79944825,0.55838436,2.9345834,0.0,0.8872461205906461
1.655385,0.3360038,0.7012572,0.85710865,0.3621776,0.3915554,4.8646574,0.0,1.2641130622358525
1.1547735,0.79061383,0.21615422,0.864721,0.34613928,0.57630885,2.8025842,0.0,1.1198213067404768
1.175409,0.93373144,0.9197054,0.011517548,0.4349347,0.85955006,4.888798,0.0,1.0580665554221316
1.5081222,0.9641895,0.069259495,0.83675766,0.12430486,0.7876142,1.5224015,0.0,1.3140107502237806
1.0026244,0.9156693,0.75176966,0.7250923,0.58226615,0.8137117,1.9731069,0.0,0.7787292271085213
1.6291571,0.3516518,0.7242624,0.7898097,0.2543896,0.3176885,2.597621,0.0,1.2531421731495154
1.2112721,0.6365289,0.23145494,0.953819,0.42104542,0.25583893,1.1262729,0.0,1.2090602220478885
1.3246378,0.4068287,0.75733835,0.6203946,0.44322607,0.8221779,2.555357,0.0,0.9580443422328887
1.8225808,0.23777813,0.36673355,0.5192066,0.44122878,0.556575,3.2732193,0.0,1.1795552017807047
1.5457842,0.38556874,0.38027573,0.83523095,0.21779172,0.57688254,2.7228036,0.0,1.1998137637131654
0.80908275,0.76802015,0.6942154,0.47628978,0.92460716,0.5286365,2.820966,0.0,0.8834014061473563
0.85015094,0.58912176,0.37116218,0.23900723,0.6075752,0.52772695,4.33396,0.0,0.7019657956079498
1.9775684,0.20816974,0.036627844,0.10574611,0.46019447,0.59335536,1.9229928,0.0,1.3400693502863048
0.875762,0.67273563,0.4135936,0.31973898,0.7008182,0.16475114,3.851933,1.0,0.8166526113748658
1.1364615,0.6197586,0.81679815,0.26472312,0.4376851,0.33145034,3.1297717,2.0,1.0820493496317651
1.2325398,0.6206977,0.20102805,0.9837101,0.3962532,0.25171557,1.534751,3.0,1.2058842080603793
1.0147471,0.8702352,0.4038484,0.25316316,0.56894445,0.2788418,4.1459737,4.0,0.8948916935820442
1.0103923,0.67911255,0.688729,0.3258224,0.58783597,0.34906715,3.1365166,5.0,0.9697552975190702
1.0744873,0.6595012,0.4247223,0.72406393,0.54732925,0.30965567,2.24264,6.0,1.043157629392094
1.0714847,0.6552802,0.31228483,0.8912182,0.4806626,0.6841786,2.0702732,7.0,1.007705049185563
0.9360569,0.71290636,0.49792767,0.6296983,0.5820347,0.5924451,2.6153154,8.0,0.8538774807017225
1.000606,0.8115983,0.29909372,0.12950931,0.50285804,0.45858264,4.248098,9.0,0.8703719664799843
0.87507683,0.7361116,0.27327013,0.5584954,0.75319207,0.21376142,2.6126597,10.0,0.8443387824173358
1.1071995,0.581312,0.60277134,0.45675787,0.56680495,0.12785214,3.803664,11.0,1.0337878912193506
0.9752957,0.7712869,0.69804984,0.5234282,0.72218233,0.32707518,4.036734,12.0,0.9453715580933173
0.84746933,0.70229924,0.89278543,0.1863431,0.8166017,0.37013912,1.5200847,13.0,0.7296929440372342
0.8129317,0.9484406,0.20184301,0.40802503,0.9083964,0.23473042,1.9617736,1.0,0.8275211018235441
1.2478423,0.6012851,0.08356467,0.28252575,0.1782895,0.9483017,1.7074399,2.0,1.1306802825710154
1.1382021,0.76537967,0.036665037,0.7020632,0.35328668,0.030510135,1.9465889,3.0,1.1108322195133649
0.9650375,0.5256489,0.5421629,0.44984397,0.6480564,0.5202042,2.4981208,4.0,0.7615226666313084
1.0057876,0.6355902,0.21606295,0.42554578,0.45888537,0.67368585,1.8763937,5.0,0.8896101605625638
1.015826,0.7456863,0.5108252,0.77475923,0.7165006,0.32214114,1.8271518,6.0,0.989229338933142
1.0180393,0.69714636,0.15665454,0.62109303,0.54540664,0.22045408,2.136333,7.0,0.9674812204915445
0.90081996,0.5708123,0.4274834,0.63483405,0.75191164,0.35294965,2.9984496,8.0,0.7671443965831979
1.2519172,0.8291077,0.67464405,0.44877562,0.22577761,0.01867248,1.9688011,9.0,1.1966683246946226
1.0298139,0.7720441,0.103714556,0.25089058,0.42698738,0.53197753,2.9109597,10.0,0.9134394374388767
0.94549906,0.51780397,0.192075,0.8975187,0.6417495,0.6528386,4.0423913,11.0,0.688782179526405
0.8687217,0.60087,0.2486741,0.5169816,0.651096,0.42862347,2.7424645,12.0,0.7671421822168111
0.89434355,0.91880566,0.017122108,0.6621352,0.59208554,0.88796115,2.1815338,13.0,0.7206013142471146
1.4515122,0.4152375,0.3538152,0.71420753,0.29242536,0.08918544,2.2532372,1.0,1.1684197649868493
1.1728051,0.45444277,0.72245854,0.18672486,0.73992074,0.30911183,2.9964128,2.0,0.9286913047488472
1.1606241,0.55280256,0.518914,0.6359914,0.4778837,0.3699336,2.1577353,3.0,1.0610109318345027
0.89016455,0.5130923,0.66936386,0.8672328,0.62605035,0.9066826,2.655767,4.0,0.7116265201241136
1.2762538,0.95846146,0.47491196,0.36955905,0.33007193,0.24799153,3.0084224,5.0,1.195226115467225
1.0889939,0.60843414,0.43801913,0.7263273,0.5510043,0.38859054,2.0048099,6.0,1.0400518421063565
0.7971508,0.8713587,0.878645,0.4586991,0.8082376,0.96457404,2.4371917,7.0,0.865476392889895
1.0677131,0.9225867,0.12003176,0.19362581,0.5871195,0.3765079,1.775055,8.0,0.9224637916785822
1.1120734,0.5459161,0.14301679,0.20290671,0.41023815,0.29511017,3.785538,9.0,0.9481130294997605
0.94421506,0.78467464,0.71378595,0.28187117,0.5487671,0.736795,2.559327,10.0,0.8137694185392422
1.1025978,0.56079894,0.44591013,0.9107129,0.45505026,0.7711472,3.8515916,11.0,0.9648927757598439
0.94711685,0.73016673,0.6822242,0.41367367,0.595465,0.54300976,2.091353,12.0,0.8727995699917362
0.9721377,0.46106356,0.26158765,0.7051746,0.6654047,0.81901807,4.306291,13.0,0.816690078706265
1.2701458,0.50752133,0.49260458,0.7732984,0.35740456,0.4371266,3.9487426,1.0,1.1154159860693689
1.298379,0.39575025,0.50773245,0.12139641,0.48902452,0.75796884,1.7174616,2.0,0.8625040561112735
1.847734,0.27792174,0.9299482,0.3769002,0.16552956,0.41564992,3.6930583,3.0,1.318664250778603
1.1439854,0.75185084,0.9710216,0.7829928,0.5346798,0.61901957,2.1192513,4.0,1.088498031228696
0.772372,0.5762186,0.6817584,0.9115262,0.79945874,0.67169106,3.7956173,5.0,0.7523305335620212
1.023413,0.47059497,0.67067647,0.7079654,0.72332716,0.55163413,3.7152321,6.0,0.7385445992037757
0.86673456,0.7807422,0.49721876,0.7602348,0.88550997,0.55556226,2.6776896,7.0,0.9697374728965523
0.89989424,0.83886874,0.3390338,0.663123,0.7425672,0.33739254,4.168338,8.0,0.8445839309172605
1.1288238,0.6769895,0.6009064,0.7945318,0.49753255,0.34866735,3.0312362,9.0,1.1106842907380459
0.6787967,0.66732043,0.83947283,0.27086994,0.74606663,0.86368626,4.5707817,10.0,0.6910135288309437
0.9453534,0.72003055,0.7629735,0.6947708,0.6238991,0.58490366,2.9410942,11.0,0.8514722311096404
0.7228465,0.6972867,0.4502708,0.65409315,0.83471745,0.52253187,4.0004764,12.0,0.8784503831354327
0.74961877,0.5822924,0.45426407,0.8197737,0.76660544,0.62825835,2.4637458,13.0,0.7912355587807803
0.9304027,0.6066599,0.34571156,0.6696843,0.6566757,0.4415855,2.3523102,1.0,0.8394164688557161
0.82881624,0.72404325,0.3796643,0.39286536,0.6449608,0.42782584,3.4781373,2.0,0.752485697566303
0.7575809,0.5982243,0.27162826,0.6672124,0.70063645,0.56498694,3.3247886,3.0,0.6816114673514148
0.76752305,0.5594659,0.3023927,0.57843256,0.68966794,0.6835715,3.5138345,4.0,0.77667146604367
0.9197884,0.61904085,0.23526412,0.38574144,0.5790847,0.41463396,3.0313907,5.0,0.7841786117244866
0.8394313,0.77584785,0.5692528,0.60449237,0.62267643,0.66863436,2.611543,6.0,0.6834522414424388
0.7518099,0.81065387,0.31480363,0.40225923,0.7937752,0.53793764,2.8654685,7.0,0.9738273314965912
0.67435056,0.639891,0.2906503,0.31749505,0.6784007,0.65238535,2.2557817,8.0,0.7392817613494936
0.73688823,0.6238563,0.31638092,0.5161237,0.7084189,0.5022598,2.8749375,9.0,0.6695842807921328
0.73726195,0.6629486,0.36650205,0.57715696,0.7257354,0.46250615,2.6681387,10.0,0.6547126475656178
0.704872,0.62770087,0.33740002,0.65702885,0.8526993,0.39347345,2.374037,11.0,0.8375228817884844
0.76359546,0.64015764,0.31516007,0.4287865,0.6628755,0.5002111,3.037845,12.0,0.6601557716203394
1.0137628,0.52589816,0.7275662,0.6043115,0.9555816,0.66475123,3.5972133,13.0,0.8922799026018586
0.8768498,0.62674433,0.48688707,0.7764434,0.6236982,0.62489593,3.3255947,1.0,0.714715276302483
0.74658126,0.57725376,0.53256804,0.66716444,0.6951429,0.78116244,1.7460793,2.0,0.7346781009678492
0.8082042,0.6819385,0.63278013,0.5272414,0.6748294,0.5603356,2.4065669,3.0,0.683436116064264
0.67629254,0.70289356,0.48173365,0.75324786,0.82643664,0.52157646,2.2467816,4.0,0.8390336500893663
0.8780528,0.55349666,0.58660686,0.78544277,0.8449236,0.71328324,2.8451066,5.0,0.8116647773412976
0.72458494,0.5980051,0.3514034,0.42050344,0.6979007,0.76887673,3.135834,6.0,0.817921448057645
0.8394394,0.6354301,0.33937797,0.54512507,0.5964519,0.63541955,2.489552,7.0,0.6917818800009585
0.8449092,0.8100216,0.4030478,0.33436278,0.96428776,0.13413559,2.334629,8.0,0.7543351687067266
0.6736739,0.7244771,0.4624001,0.4949961,0.8595177,0.38591564,2.6115942,9.0,0.8034857337907874
0.8363412,0.6514988,0.70816994,0.7131014,0.9213102,0.59443307,2.8246057,10.0,0.8679864606563473
0.69858027,0.6791552,0.71048063,0.39119276,0.7978956,0.48609456,2.0076642,11.0,0.6596324919653986
0.76619095,0.72436875,0.45689794,0.5258161,0.6645717,0.56210816,2.9320118,12.0,0.6503480098582892
0.7137808,0.6624605,0.5842936,0.5694083,0.71086526,0.5961269,2.5252824,13.0,0.6372797153985744
0.73076,0.6127086,0.47620773,0.5332351,0.77138436,0.62961847,3.8981376,1.0,0.7899199995610677
0.95365113,0.49308756,0.7502998,0.81723726,0.82844925,0.8911221,4.613779,2.0,0.797335063451023
0.8371695,0.9213517,0.08666662,0.27138928,0.6826907,0.7459754,4.4588437,3.0,1.1277879223116758
0.74780357,0.6169706,0.62708014,0.63234425,0.77076656,0.7680588,3.9459877,4.0,0.77035930754749
0.754283,0.7493579,0.59467256,0.34547007,0.6361729,0.6851229,3.190168,5.0,0.6290087820639036
1.0688925,0.606957,0.9769044,0.84348285,0.39280966,0.9585135,1.7994614,6.0,0.9499167544279096
0.91447634,0.6683035,0.6676995,0.6692514,0.5343962,0.8328487,2.6142507,7.0,0.7512222261510518
0.70822555,0.6969884,0.59364444,0.58970165,0.6368529,0.78489166,3.0066316,8.0,0.6203399748005959
0.7788401,0.82447135,0.77166957,0.51947033,0.67622906,0.69746333,3.6975393,9.0,0.6302062584038207
0.67166454,0.7780017,0.2533094,0.571865,0.65048635,0.7276086,2.8977613,10.0,0.661118567589397
0.76590365,0.69093305,0.45759118,0.44036233,0.70911986,0.43689775,3.715207,11.0,0.6846426953658775
0.67957354,0.78496516,0.73272794,0.4843982,0.7541626,0.8157914,3.0064018,12.0,0.792454436063021
0.8936127,0.6989327,0.33706278,0.58925015,0.6240087,0.466168,2.606737,13.0,0.8225536930779652
0.74761254,0.60746515,0.6651285,0.58811384,0.7465795,0.5655239,3.2416131,1.0,0.6698014493252789
1.008095,0.7630094,0.55540323,0.80050725,0.9882418,0.7768775,2.7697105,2.0,0.934521512744978
0.9945766,0.6222822,0.6620959,0.43039343,0.648865,0.3696974,3.193638,3.0,0.9370374741970785
0.8943955,0.69253784,0.5339977,0.5872751,0.66880393,0.44291973,2.5303605,4.0,0.8386296297370623
0.82301307,0.743841,0.42882755,0.33517528,0.62614465,0.4982428,3.5394742,5.0,0.7247449398989884
0.80977315,0.7267659,0.5992824,0.64009374,0.86037964,0.6739422,2.7967293,6.0,0.9092377041300439
0.8123016,0.8950085,0.602847,0.4989673,0.8565346,0.539306,3.5584567,7.0,0.8819721544252107
0.6819168,0.72367615,0.6051327,0.50953263,0.7485219,0.5354127,2.5863235,8.0,0.6322378566429989
0.72100055,0.7456202,0.7447273,0.26336387,0.7155662,0.6105082,2.6107461,9.0,0.6368611992818234
0.8980262,0.8723043,0.67370987,0.39128116,0.86840904,0.81944,2.5862677,10.0,0.9521878105095317
0.78396577,0.65463555,0.90016365,0.19907881,0.8444595,0.98377764,1.1916245,11.0,0.84145585423596
0.71218014,0.790059,0.6666897,0.43555328,0.82700104,0.60545915,2.9725828,12.0,0.818204421000702
0.7954527,0.6663249,0.77560997,0.033157077,0.64205134,0.68756443,2.7805893,13.0,0.6831887368467415
0.74007136,0.6517101,0.7533225,0.31088835,0.8054454,0.82053894,2.1162682,1.0,0.8042649886324241
0.7145771,0.8122617,0.38368902,0.4033475,0.81920314,0.47419995,2.419282,2.0,0.8933889423253385
0.6691051,0.70285094,0.511407,0.4551739,0.7195379,0.585216,2.8592365,3.0,0.6517786853289247
0.723157,0.8276147,0.39625505,0.2415388,0.73041993,0.45017207,1.964627,4.0,0.6402145089962291
0.7040686,0.6510655,0.63713807,0.32609713,0.7685998,0.7098035,2.4501152,5.0,0.7569873389175373
0.8070249,0.81655943,0.5294418,0.050471235,0.8293949,0.629597,2.7519872,6.0,0.9117773657914738
0.7038806,0.7537256,0.5149457,0.2531044,0.780762,0.6216945,2.8916185,7.0,0.8511561935950632
0.658815,0.6707139,0.40640053,0.45143718,0.73162895,0.56499976,2.866547,8.0,0.7128309140555134
0.8676011,0.7903836,0.5809587,0.6499107,0.8592324,0.77695894,2.7107031,9.0,0.9494222059772155
0.66659087,0.756157,0.43042246,0.42329702,0.7830333,0.55015653,2.7479727,10.0,0.8525441585874346
0.7185737,0.8212256,0.31205288,0.29955667,0.71972126,0.68636376,3.6870606,11.0,0.9663107734583709
0.6407434,0.77024025,0.4540802,0.3065989,0.7527835,0.54385084,2.5424457,12.0,0.7665298718164524
0.67701757,0.8072168,0.64739794,0.08154067,0.6594159,0.7984336,3.0786083,13.0,0.6134778581422805
0.78037465,0.67757004,0.7686192,0.35567608,0.8483146,0.8272542,3.6997721,1.0,0.8541644223091092
0.6927745,0.78476185,0.7483082,0.53949416,0.8252274,0.63497806,2.5942075,2.0,0.7920402121174186
0.6816247,0.712449,0.5024623,0.45357662,0.7062969,0.5918202,3.3762736,3.0,0.640026664952397
0.73437554,0.69278044,0.65845495,0.45626435,0.8075028,0.73260045,3.4109817,4.0,0.8332583255159066
0.7969121,0.6296931,0.6546009,0.57017744,0.86252207,0.64370304,3.3482387,5.0,0.8314274489092078
0.8170479,0.60197115,0.52873605,0.3498605,0.86211336,0.52198434,3.0240383,6.0,0.8364960032518803
0.7248662,0.8626721,0.7464359,0.21375695,0.7186539,0.71260434,3.5571325,7.0,0.6626455691313806
0.65889823,0.6529695,0.44185814,0.53009313,0.7206841,0.659582,3.3867931,8.0,0.7347377037835242
0.7234234,0.81017107,0.77594376,0.41185614,0.7824608,0.83126616,3.854871,9.0,0.8294281636777119
0.680721,0.71581393,0.6949567,0.2472263,0.71493185,0.65037525,3.0565076,10.0,0.639908647600889
0.6503427,0.7691141,0.52759755,0.4846233,0.7479887,0.555887,3.2278996,11.0,0.6866691973594878
0.6598129,0.7989437,0.66801983,0.37436694,0.73832124,0.68873024,3.4511395,12.0,0.720226829002167
0.7021017,0.78361833,0.66661125,0.30495694,0.6979613,0.6497725,2.215493,13.0,0.6274750420646078
0.696462,0.7176606,0.45356655,0.43904126,0.7130595,0.52703667,3.0830064,1.0,0.6410165727130086
0.7201808,0.6342164,0.4482774,0.3983819,0.6839376,0.58890843,3.5921388,2.0,0.6615406581202551
1.073482,0.7565129,0.57196534,0.4344301,0.4752906,0.31584284,2.4532063,3.0,1.0325721537535681
0.7024195,0.7259561,0.56752425,0.46596777,0.8217067,0.5662219,2.7545495,4.0,0.8271658128297639
0.70247626,0.62532145,0.5825468,0.68820393,0.763065,0.6583733,3.212776,5.0,0.738775947717927
0.92329115,0.731853,0.5205014,0.45242336,0.6141894,0.44770205,2.6230953,6.0,0.8567018573233766
0.7442217,0.6537784,0.6234625,0.58519375,0.7691548,0.807538,2.3020887,7.0,0.816612502601111
0.748722,0.77103996,0.57833153,0.42877248,0.7959353,0.7139806,2.627957,8.0,0.8877344177412191
0.67804164,0.74960756,0.41854268,0.44848287,0.7692324,0.5935294,2.7717288,9.0,0.8745789691573566
0.6696213,0.74353886,0.57650846,0.45683694,0.78799933,0.5971429,2.8749719,10.0,0.7929259582631408
0.6931539,0.7291309,0.32479936,0.28459862,0.71337485,0.4081541,3.2614002,11.0,0.6470148729376123
0.69906455,0.76364464,0.4814546,0.5063784,0.8141629,0.5491171,2.0220478,12.0,0.8678493791162821
0.7038037,0.81722146,0.63354176,0.55513984,0.8225601,0.4264435,2.105376,13.0,0.6639347800403083
0.7055126,0.64708054,0.7132477,0.6198603,0.7873249,0.72445667,1.9880086,1.0,0.7433069360678136
0.8126162,0.6405131,0.4173909,0.32940942,0.8534444,0.5054585,2.2473712,2.0,0.895116574528183
0.69359505,0.7496034,0.69829786,0.5320096,0.71355414,0.6469735,3.1153963,3.0,0.6126565911278387
0.71653765,0.7012081,0.60499626,0.60329306,0.8141449,0.637375,2.7134705,4.0,0.8261895567728404
0.68608534,0.6680056,0.51112235,0.44733328,0.7973683,0.5571208,2.5430782,5.0,0.7962828409384705
0.7070268,0.6767057,0.6524684,0.6097725,0.8341795,0.5883011,2.714667,6.0,0.7879812102609326
1.2334665,0.86003506,0.902496,0.5671299,0.5386632,0.114790626,4.9083815,7.0,1.2224976148458278
0.8263435,0.574818,0.8512986,0.6166714,0.891685,0.33296737,1.76874,8.0,0.7092224043464337
0.7052637,0.64594173,0.5442746,0.55200917,0.7904713,0.60771966,3.1335413,9.0,0.7813865657073086
0.6598352,0.71757334,0.59347564,0.4650478,0.7121948,0.6504966,2.9067738,10.0,0.6405848686904129
0.7154406,0.7931164,0.49284455,0.53533274,0.77827513,0.6376992,2.1086476,11.0,0.8821111364529532
0.6672235,0.67888635,0.59887433,0.5599775,0.7449936,0.58982694,2.6063766,12.0,0.6606358748789712
0.6642428,0.7401598,0.54210186,0.53654736,0.78189325,0.60163426,2.3064356,13.0,0.805055491824118
0.6475915,0.77028763,0.4248553,0.37818357,0.7314893,0.64289165,3.2981076,1.0,0.8355465480120966
0.6911261,0.72145003,0.55544275,0.34952146,0.6969712,0.5985614,3.9399312,2.0,0.6359244425056773
0.6585701,0.6606506,0.5299234,0.5388859,0.72457784,0.6780626,2.410506,3.0,0.7064549657473215
0.6777831,0.8154902,0.21750693,0.25371435,0.7273076,0.42090008,3.68221,4.0,0.737462553825068
0.6953577,0.6667051,0.6367183,0.49429378,0.823951,0.43195444,2.4548714,5.0,0.6686252290162072
0.67275393,0.65262526,0.4481076,0.31433243,0.7277921,0.66794646,3.549469,6.0,0.7777964259587316
0.668866,0.7267067,0.4279443,0.3756315,0.73212045,0.502181,3.1102,7.0,0.6513680966056173
0.64719445,0.71706766,0.47651896,0.42363125,0.72298145,0.5982819,3.161675,8.0,0.6846548391381915
0.6550948,0.7642475,0.35456523,0.35183394,0.74173504,0.4852933,3.211338,9.0,0.7326787472056094
0.64596826,0.7237783,0.4790359,0.4474792,0.7970875,0.4873128,2.896647,10.0,0.7746097227729667
0.6664004,0.75769705,0.5726789,0.46952593,0.76008224,0.6619313,3.098228,11.0,0.7973641980183728
0.6469128,0.70032495,0.46659377,0.35694525,0.7377289,0.62781835,3.2589164,12.0,0.7809641293475539
0.67129785,0.74192655,0.54772866,0.3051356,0.7276468,0.5502331,3.4023252,13.0,0.6379676962278062
0.7182493,0.7625616,0.5971992,0.55076796,0.79272985,0.6871873,2.7975495,1.0,0.8548557097009911
0.6622052,0.70062476,0.59918314,0.49886858,0.775624,0.6113621,2.7110252,2.0,0.7503653061705162
0.68187195,0.7315147,0.5757759,0.42413524,0.7629965,0.6818702,2.8048055,3.0,0.8088214759615633
0.7046061,0.6671045,0.6184382,0.31547165,0.6954063,0.6289854,3.5626245,4.0,0.6492613434737066
0.66341645,0.6754487,0.5154628,0.32116023,0.71141565,0.7709317,3.5908425,5.0,0.772778819844151
0.6529529,0.73930687,0.6137925,0.34898388,0.7132882,0.6669487,2.7130053,6.0,0.643057429966241
0.68386185,0.6609838,0.36313033,0.30455858,0.7404599,0.6357862,2.3014796,7.0,0.8453521171251857
0.6705349,0.79508185,0.82965595,0.54045755,0.7816157,0.62789536,3.747146,8.0,0.6580478906566792
0.64929056,0.7245006,0.5679645,0.42655575,0.74650234,0.6610053,2.9031346,9.0,0.7573904669572521
0.70250195,0.67631185,0.59008455,0.6307055,0.69032574,0.65660506,3.1746855,10.0,0.6292638130018614
0.663194,0.69240344,0.69981295,0.3499231,0.7380374,0.7519133,3.7861228,11.0,0.6989944742601972
0.6660357,0.6999814,0.6158164,0.37933093,0.71788037,0.6381195,3.3560367,12.0,0.6486869344123982
0.6496421,0.6996846,0.5578836,0.37508032,0.7251774,0.71026695,3.3160846,13.0,0.7404627387172531
0.64118767,0.78569347,0.44639352,0.71716976,0.7912299,0.50961834,2.8312902,1.0,0.7855696282191016
0.72874147,0.72750425,0.40414965,0.5504455,0.7469322,0.4248749,2.682647,2.0,0.6522248572938949
0.7584181,0.8211174,0.38555905,0.55986714,0.69838446,0.546544,1.9186063,3.0,0.6478621604194605
0.65011036,0.71374375,0.570058,0.53103656,0.700964,0.69851476,2.9109752,4.0,0.6489213390778924
0.64703137,0.72243714,0.49418363,0.48351416,0.73630035,0.575825,2.913564,5.0,0.6852926385071925
0.6683252,0.753786,0.6114366,0.53161186,0.75778574,0.6972431,2.8428338,6.0,0.7877619032389894
0.6499632,0.7692162,0.5439412,0.30579123,0.7025092,0.66057795,3.2984326,7.0,0.663748954512896
0.65940744,0.75147325,0.49286318,0.57838666,0.7022281,0.6506616,2.8262053,8.0,0.6385326264883325
0.67806995,0.76442444,0.6313903,0.47333452,0.7628737,0.7120281,3.3350737,9.0,0.8014770379780751
0.68788725,0.7199047,0.6372535,0.37431926,0.7447353,0.7977163,3.0008545,10.0,0.8004424429070417
0.64167905,0.74087167,0.55984735,0.50636536,0.7418532,0.66130596,2.8482635,11.0,0.7549448975336615
0.6635444,0.72904336,0.56803244,0.43722838,0.7461522,0.69668823,2.9224718,12.0,0.7884552847625027
0.6406148,0.73539287,0.52649,0.4985006,0.75433594,0.618322,2.626175,13.0,0.7636464098980034
0.91727185,0.73628974,0.51411295,0.49240795,0.8531146,0.895342,3.349611,1.0,0.9488043621250505
0.655762,0.68874705,0.5370061,0.46310586,0.75577295,0.6265474,2.9980462,2.0,0.7520408152384133
0.7044056,0.6848895,0.6177063,0.3852863,0.7637608,0.7453279,2.5849638,3.0,0.8032648126435523
0.68498427,0.7836659,0.5489436,0.3762994,0.7225944,0.56136304,3.3690813,4.0,0.6281771471608476
0.693358,0.79631644,0.33067665,0.36551735,0.6100662,0.85520875,4.2546015,5.0,0.6392904235707172
0.70541966,0.6686363,0.51716065,0.39378,0.7913149,0.59523463,3.0489993,6.0,0.8126026338038257
0.6764,0.7880765,0.4144378,0.2665056,0.65072846,0.69506043,3.1876593,7.0,0.6213939403481148
0.68693477,0.66360545,0.59332025,0.4685136,0.81514615,0.4479013,1.8369783,8.0,0.6737561394897621
0.64921993,0.7931101,0.4010776,0.21316305,0.7169533,0.5623504,2.428577,9.0,0.7426424849065713
0.6523008,0.70738757,0.5102525,0.37529346,0.7533432,0.6218792,3.0885131,10.0,0.7806137678722997
0.6686623,0.7914762,0.4841961,0.16829388,0.62522095,0.85848796,4.17537,11.0,0.6393307662372802
0.63339984,0.75307226,0.18539661,0.54449266,0.67048013,0.7460133,3.5215402,12.0,0.8726536451758654
0.63523,0.7601819,0.33108833,0.47381863,0.68105274,0.6970101,3.0612779,13.0,0.7758550907194032
0.64403534,0.6814448,0.13254887,0.49288985,0.67997706,0.6704502,2.513473,1.0,0.8165008120428547
0.64510846,0.71144074,0.5406058,0.44825813,0.7303511,0.690883,3.3600714,2.0,0.7558872630613245
0.67288345,0.68754065,0.15644078,0.5692415,0.6972139,0.55112505,2.558609,3.0,0.6786646470291995
0.6453306,0.7125425,0.27826262,0.5441199,0.71248436,0.59505063,2.8090885,4.0,0.7483489918125256
0.680844,0.7474378,0.12110669,0.7706696,0.73392874,0.65064496,1.8651226,5.0,0.9946101765180386
0.6570092,0.7058946,0.51974636,0.58493,0.71069306,0.64493155,3.1249025,6.0,0.6502846870968312
0.64216524,0.7430527,0.39060706,0.4790437,0.7529312,0.5882418,2.8316607,7.0,0.8422033541669149
0.6389881,0.7168332,0.4329891,0.5616687,0.7154151,0.63811916,3.0582035,8.0,0.7145940961288237
0.6358614,0.708763,0.2150133,0.6253797,0.711625,0.6617357,2.7605493,9.0,0.8920432135384189
0.63753796,0.72535425,0.44672784,0.49576613,0.7315077,0.6569043,2.955328,10.0,0.804411279719382
0.633272,0.7243225,0.40983742,0.5242453,0.7264067,0.61431414,2.9605427,11.0,0.7636911282917102
0.63365304,0.708559,0.24430424,0.5355051,0.70221055,0.6541172,2.7640245,12.0,0.8397874276385103
0.6484164,0.7683176,0.16628133,0.5838014,0.67721087,0.67268926,3.0323868,13.0,0.7547133885319305
0.67574424,0.7737094,0.64835805,0.6001636,0.7160073,0.6570709,3.725917,1.0,0.6102861813185197
0.66270274,0.7341419,0.64071894,0.33357647,0.7258793,0.62514204,2.8669841,2.0,0.6388255784944108
0.6458988,0.74106425,0.54618186,0.35577622,0.72762567,0.6088111,3.2538512,3.0,0.6770463534976379
0.66629857,0.75462437,0.64065456,0.5054727,0.77795887,0.645557,2.7526102,4.0,0.775485138881424
0.64710855,0.7947686,0.4640008,0.29776916,0.7261,0.6211225,3.8327157,5.0,0.7819737450830518
0.6553854,0.7633249,0.45009854,0.4440866,0.734807,0.6710308,3.754259,6.0,0.8434569264828164
0.6315581,0.7427257,0.40433544,0.36484268,0.6778291,0.7294538,3.6985552,7.0,0.7605353833221135
0.64561796,0.77092195,0.4016677,0.38040373,0.6993865,0.6264942,3.7663455,8.0,0.7196306968737624
0.6347653,0.7290535,0.50453526,0.38578814,0.717076,0.6838166,3.3631265,9.0,0.7486737427698636
0.6389491,0.7283112,0.48936838,0.38421342,0.73377377,0.6376459,3.2668133,10.0,0.772241536281933
0.6360037,0.77368516,0.41587338,0.35798302,0.6892665,0.72946197,3.6416483,11.0,0.808865089409542
0.6400598,0.716837,0.5168706,0.46868998,0.72458833,0.6364561,3.0418663,12.0,0.6969895072091565
0.6353806,0.7583634,0.42625454,0.39628613,0.7030975,0.65813833,3.5398133,13.0,0.7461382861678041
0.6374528,0.7616445,0.49722314,0.28389052,0.67829365,0.73534626,3.5859778,1.0,0.7029962159554741
0.7109038,0.6283525,0.6532469,0.27191257,0.7638919,0.694598,3.9464357,2.0,0.7254033093842904
0.6582058,0.810306,0.32259706,0.29413363,0.6411639,0.8045291,3.7357576,3.0,0.7740453895632786
0.6402625,0.7103258,0.46031177,0.4142877,0.7305648,0.6001165,2.9681356,4.0,0.7289154660350289
0.63748926,0.77803296,0.41289517,0.32861814,0.68335134,0.718364,3.4312375,5.0,0.7830923554604472
0.6318728,0.7171458,0.47794142,0.3256438,0.67669827,0.79602396,2.9309492,6.0,0.7515695364546171
0.6436036,0.7733904,0.37362933,0.39266524,0.69393253,0.7347703,2.7937129,7.0,0.8578361399786513
0.6418521,0.73255426,0.54153174,0.41501752,0.7137871,0.65991056,3.0175052,8.0,0.6760628100188533
0.64217,0.75910836,0.4557634,0.33198774,0.68792814,0.6722829,3.0959454,9.0,0.6989466204381669
0.63404375,0.756948,0.44831306,0.3710025,0.71667564,0.6664838,3.2022555,10.0,0.7904470231700299
0.6379405,0.7388626,0.47970265,0.409491,0.75140804,0.5828822,3.028248,11.0,0.7690113718982364
0.63734025,0.7529681,0.5128024,0.34479696,0.71025264,0.66355354,3.1776948,12.0,0.7093466170619497
0.6591998,0.6897679,0.55433786,0.31217968,0.73235726,0.6962815,3.5263085,13.0,0.7511077053131638
0.68711674,0.72711825,0.38575384,0.38271013,0.64961916,0.65944165,3.3816824,1.0,0.6215640759017357
0.6550533,0.7114373,0.5173121,0.38422015,0.76556647,0.5957059,2.6980226,2.0,0.7843699840750425
0.68499863,0.71937805,0.63907486,0.5050846,0.8289382,0.56393695,2.6348906,3.0,0.7898367070579191
0.6572148,0.67496765,0.3465356,0.67228925,0.8186102,0.43162358,2.5671132,4.0,0.7996697398822427
0.6427209,0.69013673,0.4505672,0.47040102,0.7347259,0.618113,3.0605674,5.0,0.7551661326938461
0.64982986,0.776643,0.2997975,0.24445766,0.6860062,0.56728476,3.0932481,6.0,0.7016158096807887
0.63948655,0.72606856,0.47883725,0.3689936,0.7435467,0.5993473,2.7902386,7.0,0.7668400405950567
0.894449,0.73864174,0.38813388,0.3423066,0.6730714,0.16208167,2.0649226,8.0,0.8314350467831004
0.6459183,0.71970546,0.4825358,0.44366214,0.7316017,0.5844874,2.8464723,9.0,0.6921572883522747
0.661023,0.7077698,0.25397506,0.36787882,0.67739415,0.5711432,3.053694,10.0,0.6646971405920624
0.6413005,0.74533486,0.51409984,0.44607493,0.75207937,0.61598015,2.889599,11.0,0.7761779799302544
0.7917989,0.7317918,0.38602677,0.37047264,0.7035461,0.35822484,2.4792855,12.0,0.7371834740231957
0.64388216,0.7587045,0.38166523,0.30963662,0.7123107,0.5773198,2.926449,13.0,0.7372320832712895
0.6413994,0.7063966,0.38547853,0.5395519,0.762978,0.5485745,2.9040654,1.0,0.815714583762816
0.6305837,0.7645866,0.40639564,0.5014482,0.6953849,0.7009211,3.2473757,2.0,0.7804977810588849
0.63469315,0.721211,0.40123415,0.4767916,0.7329937,0.6124206,3.0796063,3.0,0.7998432597902451
0.6432086,0.75824344,0.26399565,0.41066378,0.6754078,0.65324223,3.0878203,4.0,0.7259279955051062
0.6447944,0.7225313,0.32464522,0.40553,0.6924712,0.6182964,3.1598628,5.0,0.7213721443178149
0.63508874,0.7265883,0.33748567,0.5209337,0.708675,0.6911829,3.5425055,6.0,0.8520881387045526
0.63640386,0.7219632,0.48021245,0.49228752,0.7045185,0.6837105,3.0794384,7.0,0.7066710228255653
0.6317837,0.72948444,0.42510703,0.4791277,0.7039418,0.6790414,3.1957092,8.0,0.7530709915711667
0.6317941,0.7336213,0.43758845,0.41591904,0.71408147,0.66799486,3.302919,9.0,0.7760283855534794
0.63368535,0.7687877,0.32101667,0.48342198,0.66828364,0.76310575,3.6146634,10.0,0.816078582154076
0.6301951,0.7209438,0.24902602,0.6428644,0.7089502,0.6628651,3.0217712,11.0,0.8559662487753747
0.6300605,0.73499554,0.3683826,0.4872628,0.7037137,0.6916696,3.4494884,12.0,0.8181600499451638
0.63405424,0.74589634,0.30679375,0.4562528,0.6870398,0.6697934,3.158654,13.0,0.7853047392036541
0.63245475,0.72448194,0.37880248,0.48043755,0.7152122,0.6374097,2.9128315,1.0,0.7796167840612588
0.6359309,0.7293861,0.5242847,0.41671926,0.7178483,0.66621685,2.7847805,2.0,0.7083763052223246
0.6409916,0.7473697,0.5369907,0.5306974,0.7170981,0.659056,3.3833694,3.0,0.68272692514751
0.6385717,0.7159061,0.47950107,0.38197255,0.7219747,0.6767214,3.3281808,4.0,0.7738789911404376
0.63745916,0.7173427,0.25412807,0.40645704,0.6648635,0.7113172,3.1112537,5.0,0.773946034388332
0.63322234,0.7269247,0.42465493,0.47960162,0.70936805,0.658769,3.0933135,6.0,0.7469410808411056
0.640841,0.7161224,0.31523368,0.35354212,0.7090031,0.6604502,2.5268338,7.0,0.8582074402885929
0.6395196,0.78950536,0.43913183,0.35753372,0.68382126,0.7470112,3.00502,8.0,0.793028233585386
0.63270557,0.7216069,0.42685023,0.4226194,0.7139534,0.67185503,3.1528392,9.0,0.7836226402148778
0.6306005,0.75546145,0.40487707,0.4147014,0.6946498,0.7074475,2.9871407,10.0,0.7983328712699556
0.63106096,0.75075626,0.51719624,0.5514011,0.71211445,0.7091438,3.3399603,11.0,0.7426221954407256
0.63104,0.7533967,0.4014011,0.3895177,0.6913365,0.710562,3.2571027,12.0,0.7970886984799885
0.6324727,0.7191076,0.41997802,0.5094319,0.68311745,0.7399682,2.9715104,13.0,0.7495042818745806
0.6365911,0.74123454,0.4953949,0.38405955,0.72758394,0.6238225,3.0773752,1.0,0.7334536262171103
0.63957185,0.74458694,0.4809233,0.502765,0.70991635,0.65601665,2.9977298,2.0,0.6992044416408035
0.63163227,0.7570122,0.31154084,0.4968806,0.6942765,0.6735193,3.0873525,3.0,0.8104068302662519
0.63310295,0.74324155,0.45846322,0.46121168,0.71313787,0.6550318,3.075555,4.0,0.7367008402678924
0.6289988,0.7528953,0.4314401,0.500691,0.6914462,0.7217698,3.5676198,5.0,0.7678524782397572
0.64029443,0.72517073,0.4965684,0.5297829,0.6824028,0.8431316,2.9078836,6.0,0.794529039053336
0.6370247,0.71111536,0.50427365,0.5164723,0.7152899,0.6791849,3.5499184,7.0,0.7127288182335195
0.6333948,0.70727324,0.42374933,0.62987566,0.6589586,0.84396064,3.8657944,8.0,0.7477128927170431
0.6382885,0.733969,0.34453347,0.56960255,0.6951789,0.74533486,3.4613094,9.0,0.8659816970377674
0.63056344,0.73193,0.43931496,0.48852396,0.71294665,0.68942827,3.2339523,10.0,0.7867821232295586
0.63087523,0.738987,0.38204286,0.52296907,0.69546264,0.7294977,3.4368,11.0,0.8270881143144523
0.63195264,0.7322894,0.4642895,0.49657384,0.6970127,0.755455,3.0614393,12.0,0.7887563040062978
0.6301522,0.75323284,0.4347527,0.4258802,0.6938481,0.72718614,3.5014482,13.0,0.7881530321839647
0.6506856,0.7406102,0.34428766,0.56525064,0.7087046,0.6092669,2.400851,1.0,0.690634174096074
0.646741,0.73659235,0.56024796,0.30791685,0.74190694,0.64161015,3.594889,2.0,0.7514615441404661
0.65694696,0.70594764,0.11492139,0.6266277,0.7075282,0.5742446,2.6388392,3.0,0.7130104172299976
0.6985375,0.74318403,0.3908648,0.42345336,0.7092659,0.49827668,2.7863193,4.0,0.6385646298616666
0.6372418,0.7431045,0.47596222,0.4116839,0.735261,0.6341569,3.3237681,5.0,0.7855356224334906
0.6555557,0.78237724,0.69056785,0.28014997,0.72270954,0.7304744,3.5819235,6.0,0.6906312520338043
0.6413463,0.77253884,0.39913535,0.35891584,0.71935457,0.60124964,2.753066,7.0,0.7681644484756767
0.6397034,0.76901215,0.5478961,0.38186273,0.72299516,0.6846734,3.3696134,8.0,0.7505762920147802
0.6970167,0.7504714,0.56390935,0.40666103,0.73258674,0.8013007,3.547837,9.0,0.8444385407827445
0.6396758,0.75684077,0.43700856,0.528156,0.70620376,0.74780756,3.3773644,10.0,0.8318077778644647
0.6348904,0.7457709,0.40978324,0.45811784,0.73153037,0.6283366,3.0158503,11.0,0.815827138453678
0.6342048,0.76380724,0.41456255,0.42932767,0.7260678,0.6172758,2.929683,12.0,0.7905912220610295
0.6401413,0.70984983,0.40114084,0.19187927,0.6330547,0.8388027,3.6260152,13.0,0.7002188562011492
0.6335937,0.7366159,0.43278337,0.4355287,0.72809947,0.62716585,3.08941,1.0,0.7858971934973644
0.6332132,0.7125971,0.36519572,0.5466786,0.70689625,0.7025565,2.8294597,2.0,0.8290154604486586
0.6353298,0.7611911,0.32747376,0.43021697,0.6962657,0.69765633,2.8411663,3.0,0.853426860834527
0.63905895,0.7560975,0.3163823,0.47214636,0.6780886,0.7731349,3.331553,4.0,0.8742566964879134
0.6310384,0.7211316,0.3255529,0.5082068,0.7033724,0.6704332,2.9565356,5.0,0.8162069449066398
0.63376844,0.7556277,0.37942827,0.7794726,0.7740154,0.53858376,2.6264853,6.0,0.8161387996450223
0.6314937,0.74602896,0.36214706,0.47321224,0.6900786,0.7307344,3.2744625,7.0,0.8339062823416097
0.6314728,0.7364218,0.40079018,0.5037712,0.67998433,0.7384942,3.3307662,8.0,0.7603109850890839
0.6287944,0.7426249,0.3815344,0.5221798,0.67170894,0.7788097,3.2388415,9.0,0.7894430646113828
0.6297224,0.7577691,0.44772676,0.48083287,0.66857594,0.80195874,3.6951656,10.0,0.760392056353283
0.6303267,0.7480449,0.39191073,0.64008677,0.73101056,0.63603306,2.981816,11.0,0.8123077250559898
0.6309254,0.76041085,0.4057987,0.5662341,0.6812824,0.77645653,3.4870112,12.0,0.8105319948285783
0.6315281,0.7548801,0.37015548,0.55026734,0.67087895,0.7996949,3.5115955,13.0,0.8217223367858154
0.6314463,0.75069433,0.429963,0.50730747,0.7014094,0.7312892,3.3541925,1.0,0.8078943631946232
0.63931566,0.7369556,0.25831458,0.53671813,0.6667728,0.73027104,3.727437,2.0,0.768330899869589
0.62921184,0.75554067,0.375467,0.48944187,0.6849603,0.7349684,3.4461188,3.0,0.8096669126172498
0.6424058,0.6836958,0.33185557,0.6782164,0.66305804,0.80485606,2.8716612,4.0,0.7737424429047569
0.62894744,0.7408573,0.34662107,0.5042975,0.68566394,0.7141784,3.542801,5.0,0.8015145162163596
0.63074434,0.7246121,0.31505543,0.5465504,0.7041695,0.68435514,3.036429,6.0,0.8391099024853047
0.62867904,0.7329118,0.40702382,0.49685568,0.6903266,0.72340256,3.1809967,7.0,0.7810305959974534
0.62980473,0.7435313,0.29275393,0.614974,0.68628055,0.71309817,3.254405,8.0,0.8173277744232409
0.6281171,0.7473884,0.43398774,0.53769845,0.7027383,0.7078378,3.3346984,9.0,0.7770844685948771
0.63040024,0.742821,0.42333412,0.46671948,0.7137708,0.67417467,3.3459263,10.0,0.7919620813473348
0.628824,0.7535029,0.3994325,0.4992471,0.6961236,0.70431316,3.315357,11.0,0.7903885669735494
0.6311036,0.7598365,0.38308987,0.473115,0.6710389,0.79087794,3.7625465,12.0,0.8137471663588668
0.62908393,0.7386259,0.4047395,0.47199625,0.7029305,0.69432116,3.3084955,13.0,0.7929428863648856
0.63427013,0.72195876,0.30649674,0.55869365,0.67065567,0.79402924,3.3089175,1.0,0.8542538321393686
0.62995917,0.739402,0.3677724,0.44342333,0.6865147,0.7078906,3.2573874,2.0,0.7892594833633624
0.63151705,0.75095993,0.48832354,0.4062283,0.70449233,0.71533066,3.362867,3.0,0.7605598376594906
0.63283825,0.7421997,0.45247364,0.44221753,0.7208273,0.66947865,3.103657,4.0,0.7889428633598613
0.6458994,0.74201286,0.25973016,0.6282341,0.71075225,0.6961552,2.6012566,5.0,0.9108505945181664
0.63050735,0.73238075,0.42825866,0.40970302,0.7014794,0.70120525,3.2212818,6.0,0.7812976876331783
0.62966025,0.7251701,0.43071973,0.519779,0.67756516,0.7822601,3.5281847,7.0,0.7679034677256554
0.63035345,0.7398753,0.34149903,0.40648746,0.65701133,0.8111713,3.881628,8.0,0.8155546705239057
0.63035846,0.76319444,0.3525006,0.5448566,0.6969387,0.68565744,3.98665,9.0,0.797766762325014
0.6297618,0.74412787,0.42058027,0.45070276,0.70262426,0.7032071,3.3136983,10.0,0.7931458317987364
0.63051456,0.7417184,0.39422038,0.46187454,0.7065169,0.68966883,3.1976717,11.0,0.8105699009915557
0.62970275,0.73224896,0.36059463,0.51057124,0.6827957,0.7549772,3.3769646,12.0,0.8264498859048666
0.6294722,0.74657357,0.43481505,0.4406973,0.693469,0.7300939,3.4757888,13.0,0.7869452970848503
0.6339123,0.73172784,0.3332192,0.46651435,0.69451225,0.66101336,3.1803029,1.0,0.7790555596814333
0.63406473,0.74746937,0.17355792,0.66030985,0.6698327,0.7710529,3.275487,2.0,0.8854198717642159
0.6530676,0.7443453,0.46589318,0.455601,0.7199482,0.7323693,3.3320665,3.0,0.8337977725109451
0.6316158,0.72620875,0.4003949,0.50067794,0.70628566,0.66900015,3.1136804,4.0,0.7659814024050089
0.6316126,0.72972596,0.3101016,0.46108836,0.6815895,0.7034402,3.117643,5.0,0.8056699336459207
0.63388884,0.71601456,0.24772559,0.62703776,0.6701299,0.76136667,3.4892168,6.0,0.8341691921866144
0.63112557,0.74225134,0.26806763,0.58695394,0.6841188,0.73384386,3.2044568,7.0,0.8659262264079925
0.6300631,0.7361562,0.34948507,0.48539698,0.6943893,0.684739,3.1720886,8.0,0.7960057643783083
0.6303557,0.74323225,0.26128268,0.5385669,0.68203366,0.7288267,3.3452866,9.0,0.8623411127555125
0.631588,0.7511018,0.37591296,0.45733577,0.71601695,0.6477912,2.923996,10.0,0.8122318480112753
0.62994415,0.7344085,0.39336443,0.51133764,0.6968837,0.7245756,3.1037827,11.0,0.8161640116401605
0.62951916,0.7490988,0.32363907,0.50544727,0.6890591,0.6970585,3.0949206,12.0,0.8110765602739424
0.6290516,0.7341864,0.37400803,0.50209343,0.70096326,0.6855408,3.1465797,13.0,0.7947888771671364
