like1,parFFn,parFFf,paralpha,parQQn,parQQf,park,chain,like_val
1.5256877,0.51824534,0.7651181,0.014745881,0.08011512,0.5183844,1.1755356,0.0,1.1140798270171903
1.5659685,0.25031054,0.7020656,0.16672969,0.11391081,0.6190364,1.0102972,0.0,1.1176562277631041
1.5695426,0.22154471,0.6759724,0.058138903,0.009178961,0.5940069,2.6222084,0.0,1.1192702120637201
1.5198182,0.46733502,0.78596514,0.88597274,0.072997,0.5350565,3.8386228,0.0,1.1129931940663296
1.5434233,0.2956679,0.7093751,0.28320342,0.16252957,0.71633345,2.22412,0.0,1.1151858488425637
1.4972934,0.33842745,0.8214528,0.6238795,0.0015629015,0.66202295,2.8445435,0.0,1.1114477018281932
1.4504589,0.34177208,0.896126,0.11067592,0.2551956,0.779599,2.4040182,0.0,1.1001876882327146
1.4567463,0.6486905,0.9312676,0.4353252,0.23389769,0.9335409,2.1767573,0.0,1.104474099083783
1.5037104,0.35310322,0.79147995,0.70828027,0.34276208,0.82454944,3.1249902,0.0,1.109268455434282
1.5625446,0.2751952,0.6736237,0.65832114,0.46346688,0.90636647,2.981748,0.0,1.1155319541781612
1.4625218,0.30316672,0.8710539,0.5443254,0.4008408,0.8651939,2.588483,0.0,1.1044674773013674
1.5602183,0.24870472,0.6908701,0.28662992,0.43432248,0.5177464,2.5137339,0.0,1.1185310206710355
1.461165,0.5786859,0.9567274,0.79317015,0.22690548,0.87212265,1.7547578,0.0,1.1098349478871485
1.5630192,0.23054886,0.6810694,0.51518714,0.18751593,0.6950704,4.1821885,0.0,1.1177597494879405
1.543886,0.46695548,0.72004944,0.69571507,0.38899252,0.65653175,3.6085784,0.0,1.1155271711695531
1.4559302,0.46359736,0.90747195,0.27349043,0.35066932,0.76335984,3.102251,0.0,1.1054585840446378
1.4892495,0.5700963,0.83745015,0.6702656,0.2855249,0.70250726,2.1065552,0.0,1.1107849039932196
1.5026058,0.56537604,0.8165211,0.24795821,0.15081,0.55380774,3.2784317,0.0,1.1122933079488586
1.5350121,0.42402104,0.7211713,0.13950908,0.48066163,0.7379981,3.2893076,0.0,1.1131033892089377
1.4939406,0.5271051,0.8508192,0.8937707,0.16046233,0.5158583,1.204704,0.0,1.111998887779526
1.5122977,0.45666894,0.79678184,0.4804178,0.21924548,0.50101715,4.237662,0.0,1.1130354903876931
1.5719197,0.55495584,0.6726969,0.32771346,0.309509,0.7530933,2.757276,0.0,1.1178570745767524
1.4702799,0.42196482,0.87064403,0.47084418,0.44010106,0.70092225,1.2239065,0.0,1.1108642875678094
1.5064569,0.26325205,0.7879067,0.3758629,0.15340929,0.66211957,4.245175,0.0,1.1126093189782753
1.5213993,0.31820214,0.7597625,0.52383107,0.33191726,0.6580966,1.2709439,0.0,1.113516449179166
1.5094773,0.2594334,0.7403016,0.043386504,0.25075352,0.8669974,4.4613247,0.0,1.1014941195484858
1.5409194,0.48530516,0.7179128,0.34234738,0.018682713,0.92606854,3.6917584,0.0,1.110214846169502
1.4716953,0.33541876,0.87928575,0.7618822,0.30332834,0.9227966,4.4789853,0.0,1.1075516883934016
1.4580005,0.6445577,0.91897804,0.21239467,0.26946288,0.7915005,3.9510279,0.0,1.1067209023181053
1.5391515,0.26296875,0.72794527,0.58495,0.059429396,0.66860795,4.323558,0.0,1.1148175040608694
1.4815946,0.3895427,0.84245956,0.42339736,0.2794676,0.72738665,4.7723336,0.0,1.1099359790030883
1.493518,0.64863783,0.84793645,0.811513,0.14442332,0.85196567,1.0251032,0.0,1.1107425023022501
1.5048437,0.44534487,0.82887995,0.8780123,0.27086547,0.98672956,3.2126446,0.0,1.1079379785027594
1.4593999,0.42107236,0.92789364,0.89672583,0.4772173,0.5876216,4.030752,0.0,1.1123133313579014
1.449412,0.51470643,0.9207903,0.12967104,0.2577352,0.8671138,1.819719,0.0,1.10189612502221
1.5183026,0.58483094,0.76346934,0.027018527,0.080365956,0.8406771,1.0356519,0.0,1.1119006267596563
1.5134196,0.46960828,0.7839006,0.10442665,0.21252057,0.5735203,1.4636225,0.0,1.1131696458957254
1.5236499,0.2695892,0.7642138,0.8334942,0.14810869,0.9822474,2.7031937,0.0,1.1066451356111826
1.502507,0.4196016,0.7850923,0.1598603,0.38653114,0.72589684,4.157138,0.0,1.11068982329451
1.4524685,0.4278553,0.8683844,0.37970412,0.36756352,0.986699,1.3474543,0.0,1.088436511293031
1.4680805,0.20319772,0.8404957,0.44483247,0.4307926,0.80749816,4.0370655,0.0,1.101567077154358
1.4647806,0.64658237,0.88891226,0.101799235,0.4815258,0.82089996,3.9256582,0.0,1.1055455052409842
1.4656205,0.6618456,0.9584995,0.28354898,0.004770885,0.5458505,1.5801505,0.0,1.112532111759487
1.4534997,0.39369747,0.9075502,0.46534523,0.40246376,0.8089915,1.8376747,0.0,1.1045714412330012
1.4625663,0.65177506,0.95696396,0.52230155,0.41988346,0.5139569,2.8366354,0.0,1.112844772081137
1.5738342,0.39568436,0.67819154,0.734879,0.27342698,0.55720735,4.597988,0.0,1.1189227352778692
1.46801,0.6031307,0.9370957,0.16057801,0.13669333,0.50627285,4.463436,0.0,1.1128034338728943
1.4660034,0.3487554,0.93171185,0.86348873,0.19956972,0.809944,3.5228953,0.0,1.1098448152190934
1.5014999,0.6126849,0.8046043,0.5297005,0.42648894,0.80723053,2.6625328,0.0,1.1099275704832738
1.432911,0.27759483,0.9538884,0.19640946,0.08940899,0.8731945,1.3843085,0.0,1.0973041333827076
1.478261,0.4521454,0.8599072,0.63444614,0.16660078,0.8073642,4.353323,0.0,1.108025801110744
1.4582365,0.24544142,0.90428025,0.575692,0.09264,0.8816188,2.628715,0.0,1.1044469095138187
1.482569,0.35146585,0.81931937,0.26348302,0.23501581,0.7791177,3.3282013,1.0,1.104027379236037
1.4645815,0.4618847,0.89921916,0.884245,0.49727824,0.72353,2.4589252,2.0,1.111415713607715
1.5013974,0.63414603,0.8316093,0.82783276,0.062445346,0.5435226,3.9780235,3.0,1.1120006900461916
1.4707001,0.34564003,0.8478154,0.24662024,0.3077327,0.77419937,2.8485534,4.0,1.1029174507615505
1.4556403,0.5439862,0.96613646,0.24565943,0.45320863,0.5567774,2.8659515,5.0,1.1127589369989799
1.4670655,0.46773234,0.8942241,0.5550415,0.25014767,0.7362777,3.6009395,6.0,1.109981467209089
1.4866382,0.43195817,0.8234192,0.2760352,0.35626724,0.72902507,3.0406296,7.0,1.10976124842161
1.4629723,0.47785336,0.9207311,0.44642663,0.27084488,0.68783146,4.5011797,8.0,1.1114383925103342
1.5006993,0.2684681,0.72236127,0.25784472,0.3478203,0.97324854,3.7682972,9.0,1.093770933738411
1.4630755,0.38735166,0.88957757,0.3641145,0.31677327,0.7502721,2.591961,10.0,1.1074647608638366
1.4700711,0.42694435,0.87530756,0.32124472,0.29684716,0.7281069,2.9187336,11.0,1.1096293878340482
1.4585685,0.42476943,0.9114566,0.6332598,0.38408408,0.74165547,2.546945,12.0,1.109883650740999
1.4690665,0.26073408,0.91016376,0.58817387,0.16698211,0.6223738,2.18618,13.0,1.1119663525989714
1.477109,0.26204842,0.8106976,0.11541709,0.066981,0.8551755,4.2515707,1.0,1.0987758360096749
1.4702234,0.66082054,0.92787963,0.41060722,0.15820174,0.5546749,2.99226,2.0,1.1123099289165528
1.4598844,0.5954262,0.9426073,0.864779,0.4459787,0.81322765,1.8460352,3.0,1.1108319654563146
1.4466999,0.37846848,0.96170765,0.54620576,0.28478056,0.9083352,4.802884,4.0,1.1047409590140003
1.4759498,0.39125732,0.8541539,0.6171155,0.35864553,0.8078711,3.199054,5.0,1.1073375200800653
1.4660466,0.42676964,0.8871915,0.58295953,0.35054827,0.7821415,3.2269201,6.0,1.1074698867006596
1.4510272,0.41336575,0.9524268,0.60631794,0.25607994,0.8899677,4.3096046,7.0,1.1064234379485667
1.4438894,0.48568872,0.9634439,0.49737132,0.4718321,0.8576943,2.3442397,8.0,1.1051507405671728
1.4571481,0.33140042,0.8915438,0.5294904,0.4059428,0.805433,3.7215133,9.0,1.1048614869908855
1.4557871,0.50793064,0.93478984,0.6808813,0.39235812,0.8084331,2.738578,10.0,1.1085649324446918
1.454321,0.42983288,0.932672,0.69752437,0.4110027,0.72189224,3.6600878,11.0,1.110814632717666
1.4395783,0.32749024,0.9532003,0.49846375,0.48043475,0.8277332,3.5581744,12.0,1.1023481501234285
1.4556977,0.4300335,0.91353625,0.511707,0.363312,0.80324817,3.2207396,13.0,1.1058116184296838
1.490872,0.38888985,0.8227943,0.6848911,0.22850886,0.9144691,2.4711483,1.0,1.1082075764015553
1.4961675,0.38551712,0.8290135,0.870765,0.30579185,0.8594095,4.2845726,2.0,1.110057108062626
1.4736584,0.63497716,0.90052116,0.9000488,0.3760404,0.7522904,3.3151288,3.0,1.1114161973886068
1.4875288,0.25871694,0.8212303,0.06025312,0.4632256,0.6373226,3.2422485,4.0,1.1124250034130079
1.4530952,0.5727126,0.9693778,0.23854798,0.43661305,0.6441302,2.2344575,5.0,1.1125603582879358
1.476617,0.25938377,0.8579107,0.49599442,0.25107202,0.71686995,4.501055,6.0,1.1102960522053675
1.4432664,0.39584097,0.9471244,0.43480456,0.43078893,0.79068154,1.3286912,7.0,1.103580578284575
1.463038,0.56522375,0.91680217,0.6443237,0.33755144,0.737254,2.5347295,8.0,1.1104483040053887
1.4256033,0.57600904,0.9539208,0.12230959,0.10938381,0.97041786,3.809062,9.0,1.0928116901660005
1.46516,0.60271466,0.8944012,0.17350219,0.14979957,0.74890864,4.650866,10.0,1.108710984180072
1.457047,0.5538777,0.9172071,0.28207043,0.22460298,0.77397144,3.497576,11.0,1.1061925600867704
1.4396983,0.2216211,0.9329935,0.40054727,0.15909214,0.8788091,1.1260873,12.0,1.1042479459290564
1.4442589,0.37714323,0.93651783,0.2430443,0.06618697,0.9041623,4.9701257,13.0,1.1004275095931018
1.4880514,0.2384804,0.84674925,0.8359042,0.12799974,0.9337582,2.711841,1.0,1.106638317658164
1.4343525,0.3189288,0.86669016,0.14168128,0.13979505,0.9380197,2.8188233,2.0,1.088609816934466
1.4598235,0.6493587,0.9421733,0.54765207,0.074194625,0.74714077,1.3426849,3.0,1.1102017561171904
1.4972467,0.2859922,0.7880976,0.13838643,0.2595911,0.7370719,4.737952,4.0,1.1090274744951167
1.4679466,0.5886777,0.93514967,0.22489789,0.14652906,0.5279508,4.3149543,5.0,1.1126295304177205
1.4595968,0.5418951,0.91803694,0.026948497,0.20459199,0.7169727,1.7022275,6.0,1.1103730802872207
1.4818716,0.53414017,0.8525265,0.20942388,0.042442903,0.6943911,4.4559803,7.0,1.1108710983837238
1.4587733,0.25555992,0.9299805,0.6267373,0.19089212,0.72760916,2.177161,8.0,1.1103389515077238
1.4634604,0.5308518,0.9212618,0.27370876,0.17713955,0.6729706,3.2690918,9.0,1.111724958374016
1.477027,0.36752966,0.835427,0.36258358,0.312154,0.80138373,3.3424573,10.0,1.104126687700527
1.4589962,0.29414296,0.9343625,0.6036449,0.40685883,0.57195836,4.0459747,11.0,1.1123988306188177
1.4566505,0.2931411,0.90006876,0.635962,0.37117442,0.86555403,1.1322366,12.0,1.1066510530869351
1.4555259,0.4571297,0.91055715,0.23015128,0.2477749,0.76526475,2.1405036,13.0,1.1049012845191954
1.4278278,0.36326122,0.927812,0.42736027,0.28680044,0.9722819,2.443927,1.0,1.091672133549191
1.4512404,0.32230976,0.9296111,0.50498563,0.22850181,0.80535764,2.672391,2.0,1.1043483816458304
1.4482424,0.48837176,0.93704474,0.33927926,0.3507271,0.81418765,1.8165396,3.0,1.1040867717537468
1.4816971,0.2398693,0.83842385,0.15875539,0.40870744,0.59487236,3.085569,4.0,1.112244539740673
1.4420613,0.32018474,0.91406244,0.059776448,0.08330039,0.7899068,4.7985525,5.0,1.097999793687502
1.3940101,0.4594425,0.9433379,0.024905615,0.046327073,0.9817252,1.8209314,6.0,1.0730868683243335
1.4657522,0.36263973,0.8815083,0.48079923,0.09368861,0.7907554,2.8118787,7.0,1.1053414333122005
1.4624867,0.3344892,0.9298062,0.59690624,0.06887261,0.68521434,4.98742,8.0,1.1114600375872394
1.4444944,0.23633865,0.9693143,0.5785559,0.49752223,0.7076424,3.8829644,9.0,1.1109573474524472
1.4474621,0.6646289,0.9699373,0.054141708,0.3102708,0.7727075,3.4124157,10.0,1.1058037929277162
1.447049,0.3648297,0.9350611,0.37691146,0.20038517,0.84796065,2.8507001,11.0,1.1020517997672619
1.4483386,0.42627406,0.9262489,0.283338,0.2843442,0.82587236,3.3476524,12.0,1.1019401610180806
1.4381292,0.410897,0.9054283,0.34803873,0.27434584,0.9566437,2.0781932,13.0,1.0940149852003855
1.4556376,0.41076303,0.9392472,0.61575294,0.27086955,0.7537572,3.076539,1.0,1.108846428273895
1.4627857,0.34411967,0.8908936,0.5719346,0.21859848,0.8695603,2.3434572,2.0,1.1056308605055671
1.4523224,0.52767545,0.9286971,0.293793,0.28944728,0.7952862,2.8901765,3.0,1.1049804096799498
1.4558448,0.35532302,0.91239583,0.51766455,0.26417825,0.82231617,2.3265557,4.0,1.1048767814343237
1.4588641,0.30218375,0.91470766,0.91892433,0.4630911,0.8456614,3.8006139,5.0,1.1104534000986086
1.4491763,0.40712243,0.9606016,0.5142761,0.22684248,0.7709293,4.561887,6.0,1.1063380263133389
1.4546664,0.4855628,0.9375647,0.18711747,0.06590011,0.73429316,3.0896213,7.0,1.1095445986780208
1.4596509,0.524799,0.9474774,0.44968098,0.33273858,0.65947336,2.6172278,8.0,1.111989525538216
1.4391316,0.4655797,0.9687904,0.0719959,0.20913754,0.7784145,4.448749,9.0,1.101362900805973
1.4526336,0.37803176,0.9332716,0.5709637,0.338682,0.81183696,3.3618689,10.0,1.105825010998192
1.4485865,0.40472588,0.9399602,0.42222765,0.29462105,0.81222016,3.0503953,11.0,1.1037978624121279
1.4510647,0.22159067,0.91537696,0.49538878,0.30559254,0.8239374,1.8534125,12.0,1.102058037298685
1.4314159,0.35657746,0.95513535,0.10291188,0.25060037,0.905169,2.4950316,13.0,1.0967168292068294
1.4113231,0.37172598,0.93328893,0.18068258,0.23792075,0.95649034,2.023638,1.0,1.0863688906170383
1.4651699,0.4416897,0.91753525,0.68123907,0.45800844,0.51529604,1.887578,2.0,1.1126891921808628
1.4597497,0.4317685,0.8958789,0.43079203,0.36084372,0.7764265,1.74427,3.0,1.105728917750911
1.4567715,0.50930953,0.9253889,0.46569875,0.1808672,0.7960013,1.9425267,4.0,1.106564305975887
1.4622754,0.42972678,0.91133446,0.4876614,0.36484727,0.69040364,2.0275543,5.0,1.1113574818424465
1.4541471,0.5194991,0.92235345,0.37661788,0.27282545,0.8954407,2.3091397,6.0,1.1050932752643663
1.451362,0.6208418,0.9352916,0.13344038,0.4759281,0.8692605,1.7966324,7.0,1.1035933154665527
1.4556346,0.4447384,0.9149923,0.42843437,0.35194016,0.7679698,2.1771634,8.0,1.1060805143683983
1.406937,0.3994799,0.91913795,0.081297874,0.30910495,0.9687153,2.2311785,9.0,1.0834876250976002
1.4514999,0.45526624,0.9108794,0.46528584,0.43090624,0.8979023,1.0831481,10.0,1.1076464909038632
1.4528837,0.22676662,0.9198408,0.50865626,0.04361848,0.84439605,2.7272258,11.0,1.1029048769315606
1.4532988,0.38604766,0.91032094,0.37988177,0.2973309,0.8429751,2.7805831,12.0,1.1026755523785878
1.4492846,0.32238454,0.9150382,0.34708345,0.17588013,0.8730303,2.3933995,13.0,1.1011342083475393
1.455737,0.50639105,0.9454969,0.6419215,0.26376498,0.8482216,2.6791291,1.0,1.1080233344213535
1.4581817,0.50176716,0.9093664,0.6164706,0.42633143,0.8565298,1.212036,2.0,1.1076881919632369
1.4636292,0.36259538,0.8688292,0.3128789,0.17929412,0.8421477,3.7320242,3.0,1.1020073831846655
1.4552801,0.4682253,0.9244766,0.55568045,0.35500506,0.84209394,2.4955761,4.0,1.1065729579071772
1.4450206,0.38257653,0.94691795,0.38938376,0.23342216,0.89567083,4.145628,5.0,1.1021758741595513
1.4925618,0.62143767,0.8383456,0.44085017,0.316753,0.61032647,1.6427028,6.0,1.1116473401354359
1.4872065,0.2645848,0.8192723,0.4047897,0.4061795,0.6976059,4.1633205,7.0,1.1112173300164816
1.4452322,0.46339723,0.95483136,0.35262844,0.25911278,0.88443995,4.4264274,8.0,1.1030172250892791
1.5036654,0.46319818,0.800953,0.362779,0.26105058,0.66295415,1.1042123,9.0,1.112231182909415
1.4541425,0.3911186,0.90617305,0.3540985,0.21630035,0.8524026,3.9416401,10.0,1.1024990225892535
1.4537083,0.46513137,0.9375919,0.55605686,0.30408466,0.8437886,3.4086685,11.0,1.106490302303214
1.4516916,0.43037027,0.9330773,0.48150164,0.30346394,0.8589117,3.3604214,12.0,1.104919155984608
1.4387143,0.33298308,0.95473194,0.3010564,0.22881553,0.9098399,4.8481255,13.0,1.099324789538255
1.4463423,0.49593845,0.93669724,0.22717029,0.331925,0.8905624,2.4409502,1.0,1.1020874988744442
1.416268,0.4609249,0.95951843,0.07784486,0.04341065,0.9396174,4.2342143,2.0,1.0892672504962184
1.4598231,0.324944,0.8874958,0.17599028,0.2757784,0.7472112,2.986012,3.0,1.1066050538376186
1.4473839,0.3710338,0.91434574,0.19907254,0.22338718,0.81569624,2.8650067,4.0,1.1002747049597792
1.4459294,0.40500268,0.93123543,0.27472022,0.22811739,0.86967176,3.084436,5.0,1.1012546786693198
1.4435029,0.38266337,0.9475476,0.40255427,0.22889808,0.92073005,3.6337578,6.0,1.1013135674142511
1.4452808,0.50078356,0.9530507,0.24493016,0.3192821,0.7938618,2.5048933,7.0,1.1030225059342667
1.4446156,0.45249692,0.93669546,0.24056415,0.24479325,0.9182113,2.8189042,8.0,1.10111493640566
1.4172298,0.31377313,0.9355171,0.31985286,0.10149816,0.96505785,2.293466,9.0,1.0878121191584311
1.442932,0.43502247,0.94781137,0.24486084,0.21342549,0.8627727,2.758995,10.0,1.1012569281204851
1.3895557,0.35281312,0.95767325,0.21546835,0.036099806,0.97989905,2.2047148,11.0,1.0739782710006194
1.4309819,0.3910718,0.9383687,0.24620315,0.10941698,0.9313226,3.853041,12.0,1.094229668659918
1.4446132,0.36068213,0.92681473,0.23573107,0.17329647,0.8836061,2.577684,13.0,1.099706086917622
1.4168941,0.25599647,0.9029637,0.31136364,0.4400061,0.95354444,2.3810565,1.0,1.0865099154799183
1.4480352,0.39190778,0.92062587,0.38307437,0.38422522,0.87658125,2.1080523,2.0,1.1022652022171018
1.42706,0.2397431,0.9252648,0.08137808,0.29901868,0.91209275,3.162766,3.0,1.093744479654375
1.4377736,0.27691638,0.9489318,0.36742663,0.3829983,0.80709356,3.601208,4.0,1.1003046518201678
1.3779112,0.2223869,0.9447099,0.02088461,0.2837504,0.9374225,4.227046,5.0,1.0749794921452775
1.4280356,0.23582216,0.933221,0.20516564,0.22985642,0.92127335,4.267162,6.0,1.0933735418337027
1.4356796,0.31073537,0.9462327,0.22211693,0.2606852,0.9092338,4.0894284,7.0,1.0975727199539698
1.4431502,0.3286813,0.9136042,0.16544543,0.28444058,0.8393475,2.595504,8.0,1.0979520074436666
1.4435167,0.329953,0.9292326,0.27735305,0.2521186,0.88266426,2.9859414,9.0,1.099499874705057
1.3742932,0.23075025,0.91706795,0.011158718,0.36327383,0.9614677,3.3022964,10.0,1.07082593377181
1.4384649,0.30338576,0.9170693,0.12987766,0.29042482,0.8799362,2.9729934,11.0,1.0967684194984881
1.4353855,0.2991466,0.92550063,0.093416125,0.17617819,0.8503807,4.1671453,12.0,1.0962336337946348
1.4410437,0.33458546,0.92743623,0.23889785,0.33775872,0.8970674,2.7414896,13.0,1.0985419581868368
1.4489796,0.41348097,0.9320322,0.3787604,0.32865757,0.82121545,2.5046206,1.0,1.1029920109140456
1.4470501,0.41550356,0.94981253,0.43934083,0.2639124,0.87081385,3.3880775,2.0,1.103773913145787
1.4685777,0.42871937,0.87396234,0.34412748,0.26343188,0.74965113,1.983141,3.0,1.1079007760686168
1.442659,0.20431988,0.8474762,0.35702774,0.11219445,0.9604443,2.663995,4.0,1.0887245572181463
1.4454846,0.42020303,0.9568584,0.38426268,0.24689507,0.79645497,3.716311,5.0,1.1035469867320042
1.4447643,0.42154127,0.9429024,0.3003764,0.27633485,0.8395487,2.8192117,6.0,1.1017759482180833
1.4439099,0.5050863,0.9494925,0.18233925,0.25623485,0.836034,3.0749462,7.0,1.1019041457715768
1.4480807,0.40524855,0.94458216,0.42917776,0.2568442,0.80441904,2.905433,8.0,1.1041162819793946
1.4121222,0.40077376,0.9561481,0.05753949,0.17316803,0.93245363,3.249683,9.0,1.0881913952606028
1.443794,0.3816459,0.943481,0.31558296,0.21698497,0.85304433,3.2153609,10.0,1.101312977964022
1.4305934,0.37926087,0.95879406,0.0344735,0.117950216,0.9036617,2.9796836,11.0,1.0964232852475368
1.4422371,0.3662262,0.94165784,0.26953593,0.19502608,0.89822364,3.468652,12.0,1.1001030413386166
1.4402982,0.37925303,0.9477878,0.22534455,0.19371012,0.8717254,3.0705733,13.0,1.3926101754015345
1.4444857,0.3887699,0.94185287,0.35521692,0.3309196,0.8717333,1.6338528,1.0,1.1017127030690235
1.4512699,0.47812796,0.9411471,0.4798147,0.2777163,0.8635767,2.9934733,2.0,1.1055961206744063
1.4372933,0.37530002,0.93683267,0.17607573,0.31944305,0.9197694,3.2033865,3.0,1.0973256557346531
1.4438585,0.360665,0.9171489,0.24441107,0.35815668,0.9106827,1.3627522,4.0,1.0991814919312846
1.3886775,0.22460546,0.9310258,0.34394702,0.41074646,0.9799247,2.0835664,5.0,1.0737411163239738
1.4472368,0.3058951,0.921777,0.37484404,0.30357602,0.87667775,2.2285254,6.0,1.1010536136035414
1.4129472,0.44219765,0.92738,0.08636981,0.25257218,0.9868381,2.7419558,7.0,1.0753231954232754
1.4871402,0.51979727,0.8247196,0.3436127,0.10753165,0.8625469,3.1922534,8.0,1.1067338934061177
1.451234,0.43152466,0.92186713,0.33104128,0.26888692,0.8153838,3.4547577,9.0,1.1029951318762066
1.4469634,0.4465772,0.9335121,0.2846494,0.31140926,0.86663646,2.3887076,10.0,1.1019873149809565
1.4457939,0.36330512,0.9241708,0.27835527,0.23474935,0.90603757,2.4958189,11.0,1.1004938345124196
1.4633648,0.45371622,0.8755017,0.27393973,0.18400417,0.9034987,2.9536805,12.0,1.1031567566242704
1.4466852,0.4004246,0.9300195,0.3194072,0.3255422,0.8645788,3.001885,13.0,1.1015984567404915
1.439164,0.3840655,0.9440937,0.29382998,0.2506982,0.921638,3.386348,1.0,1.0985420181260042
1.4312301,0.38373023,0.9500931,0.083376676,0.30509657,0.9191428,2.8884666,2.0,1.0962173414750702
1.4376116,0.3444074,0.94534874,0.21392949,0.29104945,0.8804846,3.2624702,3.0,1.0982217658953175
1.52881,0.54260755,0.777928,0.90458477,0.03723216,0.8220077,2.1863484,4.0,1.1124262242579444
1.4928916,0.5623625,0.8189539,0.40896654,0.11922292,0.7988284,1.2851819,5.0,1.108223721095243
1.4442545,0.40493792,0.92874926,0.2066476,0.26768094,0.90583265,2.638756,6.0,1.0999306204594763
1.4425473,0.41487774,0.94228274,0.24165313,0.25251082,0.9083761,2.2649877,7.0,1.1007010542358193
1.418629,0.39798197,0.9429297,0.17713115,0.2248994,0.9377568,3.1550403,8.0,1.0895987334510655
1.4343538,0.4052389,0.94352156,0.1616727,0.22901216,0.922263,2.6377363,9.0,1.0966249993727455
1.4282095,0.3903473,0.92611855,0.15356708,0.23849711,0.93025553,2.6924434,10.0,1.0922634145947643
1.4145606,0.40856865,0.9426436,0.111052506,0.21405639,0.93806934,2.7807345,11.0,1.0884667519324247
1.4479289,0.40259144,0.9361739,0.38364005,0.31260145,0.830473,3.2020903,12.0,1.1027016936706866
1.4197266,0.36172897,0.9055237,0.10862024,0.16714177,0.9418575,2.9057016,13.0,1.0869181535401824
1.3731793,0.20922394,0.9485883,0.15868135,0.29831895,0.9849116,2.518388,1.0,1.0603565106257233
1.4395295,0.3250143,0.92546535,0.18262507,0.19879808,0.91707003,2.8753076,2.0,1.0973942681890907
1.4377352,0.26268533,0.9366593,0.25680766,0.18038723,0.9023835,2.4099271,3.0,1.097587270252263
1.4358003,0.2990721,0.936038,0.17848922,0.1919336,0.91282105,3.0279129,4.0,1.0970981479524957
1.420767,0.37062845,0.92324424,0.23763612,0.24016756,0.9512227,2.7134116,5.0,1.0890517360031546
1.4093752,0.34174684,0.92270404,0.0751161,0.280612,0.9375645,3.7569501,6.0,1.084629325806391
1.4224811,0.24100521,0.8898025,0.24306566,0.18078321,0.9429805,2.9706695,7.0,1.0862428211567043
1.4413891,0.36882752,0.94325286,0.26194048,0.24790414,0.9036246,3.4552822,8.0,1.0997494397755703
1.4130819,0.35166135,0.9375113,0.16436848,0.18089312,0.93902165,3.6040657,9.0,1.0872975035503656
1.409438,0.3507662,0.9309696,0.16700083,0.23642462,0.9512158,3.071026,10.0,1.085537509461555
1.4245039,0.34172502,0.9289079,0.17753021,0.2893625,0.92948747,2.4656837,11.0,1.0911843571649558
1.3645046,0.31978455,0.9463015,0.016078318,0.19451138,0.97699493,4.2139173,12.0,1.0650949158376846
1.4221492,0.3084413,0.9335563,0.12866949,0.2073314,0.92532,3.3146102,13.0,1.0910699798159036
1.4447194,0.41962937,0.92600304,0.17430583,0.28246126,0.8950434,2.136133,1.0,1.0999233864881834
1.4519733,0.37198836,0.9025871,0.27990767,0.28366667,0.83705807,2.2438087,2.0,1.101176501721418
1.5568596,0.58909476,0.70617455,0.7449548,0.26757756,0.691226,3.0277386,3.0,1.116491479599235
1.4052466,0.28802732,0.9291529,0.2676754,0.391692,0.96227914,2.39224,4.0,1.0845991413145468
1.4242439,0.34713838,0.9595451,0.39931494,0.33496246,0.9438524,2.6832242,5.0,1.092943987875351
1.4414126,0.39581156,0.9488582,0.40306675,0.41215003,0.90526813,2.378707,6.0,1.1020208804548581
1.4376742,0.30992705,0.92973304,0.19132623,0.30242968,0.9113805,2.800424,7.0,1.0972897739787968
1.403394,0.28980738,0.93437445,0.36713216,0.37774718,0.98276377,2.4946592,8.0,1.0779388308422648
1.4211429,0.31115246,0.94287014,0.27008694,0.30138835,0.9334728,3.2607684,9.0,1.0907447802183963
1.4415421,0.37133217,0.94193345,0.26454312,0.27771136,0.9081984,2.5595956,10.0,1.0997390986652484
1.4275522,0.35071206,0.9395195,0.26692566,0.29270142,0.9301373,2.5389864,11.0,1.0932024412553891
1.4196222,0.32791665,0.94244814,0.21702391,0.30108267,0.9319282,2.5144296,12.0,1.0902900352279048
1.4467074,0.33829135,0.9183565,0.30188113,0.31358966,0.89860064,2.38975,13.0,1.10030531614208
1.4413565,0.4208696,0.94596714,0.20024402,0.25981945,0.86255366,2.8853664,1.0,1.1002128891559961
1.4231341,0.3406395,0.96919185,0.10744,0.110700525,0.92160517,1.7501651,2.0,1.0934740830419007
1.4379857,0.336808,0.94011456,0.19931586,0.24502684,0.89786696,2.820206,3.0,1.0979213804144243
1.454854,0.29753768,0.88521576,0.2822364,0.2829795,0.8111526,3.4199452,4.0,1.1005652371891603
1.4448313,0.3988659,0.9416495,0.3304692,0.23512606,0.8945674,2.9791093,5.0,1.1016372932327743
1.4423299,0.37313986,0.9476713,0.31647146,0.2908129,0.8545929,1.9008243,6.0,1.1011100799085782
1.4356855,0.40453103,0.96016616,0.12539677,0.173762,0.85520554,3.3981848,7.0,1.0983082778128248
1.4444604,0.31287742,0.9158625,0.23309153,0.22588311,0.8593306,3.1610568,8.0,1.0986838494656188
1.424295,0.2945759,0.9515488,0.03187338,0.16801281,0.8924146,1.9040321,9.0,1.0944348050483548
1.4400381,0.3292757,0.9310841,0.19988957,0.19987895,0.8952871,2.8868191,10.0,1.0980238114633156
1.4019188,0.3307444,0.9609278,0.09708111,0.075717025,0.93696475,1.7748078,11.0,1.0840314969526017
1.4289832,0.30989677,0.9550444,0.18400706,0.4071991,0.90294087,3.0792704,12.0,1.0962073182401662
1.4334562,0.36521292,0.95747566,0.122245714,0.15301055,0.89298695,2.9616394,13.0,1.0974854263060887
1.4346753,0.37843704,0.9694757,0.28181234,0.35599604,0.9153389,4.947642,1.0,1.0991352661671188
1.4394177,0.36095658,0.94378644,0.24315636,0.2733142,0.9131157,2.8618166,2.0,1.09891355315752
1.4252398,0.3418817,0.9471416,0.16763729,0.19456987,0.92502284,2.9645722,3.0,1.092717505635703
1.4162213,0.31092697,0.94620514,0.1987814,0.32238805,0.93027776,3.083536,4.0,1.0894723460355653
1.4153419,0.3464966,0.9530464,0.25136054,0.31908336,0.9376743,3.9743395,5.0,1.0891989471564765
1.3809206,0.26319787,0.9180847,0.039267514,0.18735655,0.96846217,3.3188694,6.0,1.0736645783357897
1.4213103,0.33707693,0.9389491,0.23482488,0.2631668,0.9338841,2.8309536,7.0,1.090534626716332
1.3967907,0.30061704,0.93333644,0.18491393,0.27113095,0.9703194,3.7436225,8.0,1.0810170785277682
1.4031308,0.32156223,0.93493,0.17537922,0.230273,0.95531756,3.3791714,9.0,1.0836818570194022
1.3731049,0.27476972,0.9404829,0.024930049,0.4669074,0.9561599,4.512484,10.0,1.0722150908167454
1.3664029,0.3135666,0.94189733,0.013727552,0.30004305,0.97544175,4.374922,11.0,1.0671344361225963
1.4074658,0.32775122,0.94026124,0.17880827,0.29554152,0.9438195,3.2259989,12.0,1.085203955726889
1.4022754,0.3176253,0.943741,0.20530792,0.30126482,0.9554125,3.6425953,13.0,1.0840384185909635
1.4427209,0.36198017,0.9385194,0.2858457,0.2726559,0.89412457,2.9017644,1.0,1.100281051508372
1.4652052,0.6403207,0.9627529,0.81932276,0.08125754,0.89809984,3.7227983,2.0,1.1103574411065562
1.4233515,0.34598047,0.942035,0.21948938,0.23940367,0.9307264,2.9971683,3.0,1.091541650722166
1.416683,0.31631637,0.94696414,0.1084943,0.20092201,0.92615783,2.2082458,4.0,1.0896867556699885
1.4169711,0.34340927,0.9365277,0.29216808,0.24307792,0.95989794,2.5572853,5.0,1.0882621119943876
1.4326767,0.3484584,0.94177145,0.22359233,0.24433114,0.92417157,2.6924987,6.0,1.0954128232261309
1.4115231,0.33645216,0.94241166,0.19863404,0.23708306,0.9410697,2.5235794,7.0,1.0868785279064934
1.3841968,0.30548254,0.94957596,0.055183418,0.21659206,0.9560378,2.152035,8.0,1.0771847418298115
1.3987687,0.21267302,0.9442534,0.24772254,0.2585125,0.9888266,1.8241307,9.0,1.063835778924363
1.4043266,0.3120065,0.9389445,0.16115265,0.2174056,0.9431491,2.8449502,10.0,1.0842133849354583
1.3706094,0.23125277,0.9472312,0.14613631,0.189574,0.9827624,1.6007283,11.0,1.0605643541543028
1.4053111,0.3116457,0.94209474,0.2004988,0.25466886,0.9467194,2.6865277,12.0,1.0847979028010784
1.4000643,0.30205914,0.94335943,0.19905339,0.23450844,0.95735383,2.377219,13.0,1.082910047790826
1.4156697,0.47794518,0.94676524,0.10030233,0.1577225,0.96153456,3.3505921,1.0,1.0881807848694312
1.4356058,0.3557115,0.9416938,0.14657326,0.2703625,0.9148617,2.9651506,2.0,1.0973152503403785
1.4170792,0.38839597,0.94312656,0.1198628,0.22108257,0.9337621,2.932661,3.0,1.0893061501474985
1.4046699,0.4014799,0.9249065,0.17762505,0.011706327,0.97803986,3.0526993,4.0,1.0789402348659443
1.413535,0.32608908,0.91429657,0.17642401,0.1736509,0.95102334,2.836961,5.0,1.0855942111994525
1.4640518,0.6153811,0.90002203,0.24448477,0.09337852,0.7850102,3.704246,6.0,1.106930495382246
1.4097778,0.36034432,0.9383818,0.15586701,0.21688227,0.94708145,2.8070226,7.0,1.0858809890756393
1.4266311,0.3906076,0.94129163,0.24559164,0.28863376,0.9340213,2.643382,8.0,1.092746140462005
1.4050022,0.3056003,0.93319213,0.14494896,0.20830008,0.94142693,3.5055652,9.0,1.0840395837829726
1.3880378,0.30550614,0.91201156,0.07833792,0.21809714,0.9833846,2.5686574,10.0,1.0660448625129604
1.407022,0.40409678,0.94225943,0.090948954,0.107533455,0.9533689,3.4828212,11.0,1.0852128189954702
1.4148206,0.37412608,0.93375474,0.17569557,0.23031557,0.9494122,2.8711932,12.0,1.0871722831122377
1.4468741,0.45272198,0.9689915,0.520192,0.2544773,0.8749932,2.2287703,13.0,1.1055011954824736
1.3939279,0.44007164,0.9515477,0.08379255,0.09114594,0.9753248,2.5561094,1.0,1.078693390663159
1.4365113,0.33938128,0.9338584,0.14572984,0.19759345,0.91797936,2.9341109,2.0,1.097042447728554
1.4387718,0.3609471,0.9458176,0.21394068,0.2133003,0.8928391,2.127749,3.0,1.098755464154211
1.402994,0.42956433,0.9308756,0.055785794,0.17096855,0.9849557,2.5418785,4.0,1.0731287419548625
1.4368576,0.35450286,0.9411931,0.17781474,0.20910534,0.9183721,2.2801402,5.0,1.097479396707648
1.4326088,0.32269007,0.9467896,0.1331239,0.140935,0.91651976,2.1587164,6.0,1.0964384409740946
1.4105442,0.3506205,0.93514436,0.12664929,0.18733805,0.93993366,2.4863293,7.0,1.0858056046544216
1.3815094,0.34892562,0.9545366,0.10248393,0.33920997,0.98335916,3.1626303,8.0,1.0675360881665352
1.4003989,0.39064014,0.93615425,0.085352205,0.23110054,0.96929985,2.8679674,9.0,1.0821972976604552
1.4110997,0.36081386,0.94234776,0.13644697,0.20497963,0.9377233,2.523803,10.0,1.0868691172197211
1.377414,0.31565943,0.9529141,0.101615734,0.25909457,0.9833104,2.799183,11.0,1.065071498332355
1.3994367,0.34042385,0.9570091,0.09237353,0.15713531,0.9391265,2.3735878,12.0,1.0835750028011946
1.3800764,0.25324506,0.9693879,0.10795092,0.25570428,0.94360477,3.2540362,13.0,1.0774870204713696
1.4003142,0.34373555,0.9513126,0.06598738,0.16293071,0.93749547,2.8859375,1.0,1.0835625509043236
1.3972034,0.3497147,0.9520044,0.082895905,0.19797133,0.9438531,3.2235804,2.0,1.0826580612770527
1.3911898,0.32597288,0.9475718,0.08174431,0.18542096,0.95441234,2.8390646,3.0,1.079792000417261
1.3858294,0.32701474,0.9469377,0.011271613,0.16630511,0.98742354,2.19506,4.0,1.060173048371284
1.3923527,0.31069046,0.9417732,0.105860494,0.19969901,0.9564695,3.1562324,5.0,1.0799323656901167
1.3971009,0.33653188,0.93901354,0.11636505,0.20714656,0.96042013,2.9147677,6.0,1.0813614344332012
1.3916086,0.30285746,0.94231445,0.13728717,0.22349612,0.96476334,2.6782625,7.0,1.0797770944903984
1.3889369,0.3225051,0.95081896,0.08245558,0.20793626,0.95590717,3.106393,8.0,1.0793991517252521
1.3831718,0.37277043,0.9438502,0.060792807,0.1377926,0.9748686,2.416493,9.0,1.074345380416791
1.3951187,0.35092366,0.943439,0.08743995,0.16125384,0.96153253,3.2256236,10.0,1.080873515734601
1.3726345,0.29830986,0.9598585,0.03194726,0.20306535,0.9654698,3.437835,11.0,1.0734831721322684
1.376269,0.27558956,0.9515595,0.045402363,0.23613088,0.9866086,2.9802098,12.0,1.0584660534138606
1.3969169,0.31068906,0.9443792,0.14096934,0.2615231,0.9505205,2.9589398,13.0,1.0818642079729368
1.3988073,0.31292388,0.9352069,0.14786682,0.29199177,0.957556,3.2881942,1.0,1.0817772719670924
1.399985,0.31683305,0.9322209,0.13389365,0.25301105,0.95396435,2.840763,2.0,1.0821033703570764
1.3941317,0.33380982,0.9327024,0.10016454,0.2660855,0.967718,3.0347013,3.0,1.080007986146637
1.4414346,0.3687121,0.9509409,0.34999296,0.28646922,0.9187956,2.4820237,4.0,1.1006810680995092
1.3968873,0.2842439,0.92899305,0.18735094,0.34422237,0.96505445,2.7757132,5.0,1.0809920328768714
1.3963423,0.3015067,0.93916965,0.119897604,0.25581858,0.94714856,2.7191122,6.0,1.0812601256700332
1.3900799,0.28385675,0.93218285,0.23591298,0.3374839,0.9747288,2.8167853,7.0,1.076774308721498
1.3757299,0.26050407,0.9312009,0.050286498,0.25190076,0.9692003,3.7384164,8.0,1.072862034145371
1.3695548,0.2614443,0.92758906,0.0508546,0.30464756,0.9820693,3.715387,9.0,1.060607031085035
1.3646597,0.23460779,0.9264429,0.023045998,0.32986343,0.98247504,3.908361,10.0,1.057092146622719
1.3971775,0.29852223,0.92251074,0.12609513,0.24441965,0.96078926,3.1548858,11.0,1.0804283372485521
1.3581733,0.25291857,0.93615305,0.030844528,0.33845484,0.9756502,3.5942383,12.0,1.0631005998058853
1.4089692,0.31527266,0.9417447,0.23319088,0.3116712,0.9485886,2.9487836,13.0,1.0859358456910095
1.3978183,0.30208528,0.9462094,0.18101412,0.21370138,0.9579357,2.43064,1.0,1.0820494729382344
1.4447316,0.46626276,0.95586675,0.48549613,0.14076036,0.93134356,2.9408402,2.0,1.1007819649287456
1.3989525,0.33802375,0.94719285,0.13688499,0.19558157,0.95298207,2.4608192,3.0,1.0827680492756568
1.400628,0.33309162,0.9391981,0.15902184,0.24354982,0.9608527,2.7334518,4.0,1.0826880554247045
1.4217466,0.3904458,0.9514774,0.30615675,0.18777415,0.94758904,2.785297,5.0,1.091402873552472
1.3945601,0.3053423,0.94593364,0.15645199,0.20522012,0.9595014,2.5363247,6.0,1.0809239842824703
1.3628107,0.28067142,0.9588078,0.11584051,0.22391072,0.9790977,2.2633233,7.0,1.064024048107988
1.4022644,0.2830038,0.92915606,0.22056732,0.3136369,0.96388835,2.3409772,8.0,1.0825550667815749
1.391792,0.3063189,0.94820887,0.1475076,0.21029189,0.96411055,2.3516037,9.0,1.0801549477323247
1.3944851,0.3238435,0.93796635,0.10664575,0.24515441,0.9581605,3.0769904,10.0,1.0804783909398241
1.388913,0.3822981,0.95838267,0.017143533,0.22008169,0.9613654,3.045239,11.0,1.0793402769756504
1.3902366,0.3204451,0.9460532,0.11537123,0.22417454,0.9666298,2.7575152,12.0,1.079252613828768
1.3855612,0.31246117,0.9515666,0.13197783,0.21081017,0.97120476,2.43212,13.0,1.0775223860590901
1.4037349,0.40696564,0.9437586,0.095409356,0.18786316,0.9607236,3.2189636,1.0,1.0843953294694875
1.3768679,0.26342466,0.9453946,0.016582347,0.34694177,0.9461938,4.6623344,2.0,1.0739062298380713
1.3994564,0.3371996,0.9394641,0.1233479,0.24987791,0.9529625,3.1937752,3.0,1.082518866473869
1.3950828,0.3487901,0.94493234,0.075479835,0.23736532,0.9543537,3.3695872,4.0,1.080864031372539
1.3992897,0.36516538,0.93316126,0.08218779,0.2879492,0.96157193,2.8753142,5.0,1.0817944016529735
1.3919575,0.32317692,0.9427856,0.08474502,0.26183087,0.95360565,3.386854,6.0,1.0798708092995588
1.3733354,0.25904125,0.95678973,0.019950347,0.27469805,0.94611484,4.6961575,7.0,1.0736059074976534
1.3918579,0.32931814,0.95199895,0.07164344,0.2184751,0.9472093,3.1187544,8.0,1.0802572793728307
1.3936849,0.3086894,0.9454025,0.12709822,0.30115062,0.95300937,3.8001454,9.0,1.0805402685173557
1.4008564,0.32721707,0.94787216,0.11248506,0.23889485,0.93951243,3.427785,10.0,1.0836659976461738
1.3717543,0.22367068,0.9491242,0.040937394,0.3649055,0.9434868,4.5442266,11.0,1.0730878214626216
1.3855091,0.2965095,0.94483334,0.061552614,0.28904647,0.95067865,3.6281672,12.0,1.0778850637063022
1.3982154,0.3417309,0.9355362,0.10971057,0.1576626,0.9634951,3.3847516,13.0,1.0814679157764373
1.3910626,0.30132815,0.9366536,0.1260015,0.28315717,0.96650416,2.8630419,1.0,1.078960140853816
1.3827304,0.29734161,0.9401958,0.08731556,0.29184037,0.97031033,3.154113,2.0,1.0760224051117098
1.3833171,0.30968112,0.94521606,0.07488872,0.2524217,0.9685403,3.091567,3.0,1.0763681114080088
1.3782632,0.29860944,0.9464572,0.08903969,0.25171942,0.97157323,2.9379423,4.0,1.0744703218197489
1.3643656,0.27506462,0.9409142,0.03671278,0.30392382,0.97398406,3.5771968,5.0,1.0674854242846896
1.3661181,0.31498525,0.94800204,0.07007585,0.31692627,0.9779566,3.3384545,6.0,1.0659836744782296
1.380549,0.36633143,0.9494654,0.071915925,0.185005,0.9749911,2.918459,7.0,1.0737852768781997
1.362808,0.30981702,0.94743395,0.016789882,0.27351707,0.9795553,3.7596245,8.0,1.0619623844334747
1.3738816,0.29284143,0.9450144,0.06638917,0.27205405,0.97273743,3.1549404,9.0,1.0717255208187497
1.3864893,0.3045183,0.94417816,0.08499426,0.26330099,0.9614469,3.0983026,10.0,1.0777887811586824
1.3536621,0.22620857,0.9346445,0.021336373,0.40996462,0.9751653,3.991348,11.0,1.0613203552020474
1.3626055,0.29391217,0.9467204,0.06598725,0.28831413,0.97792727,3.184908,12.0,1.064621625633441
1.3843689,0.28343192,0.9416825,0.10574286,0.27163804,0.96594703,2.9994543,13.0,1.0766693889917298
1.3880634,0.29967338,0.9393522,0.12304836,0.2651595,0.96974885,3.424454,1.0,1.0779479513782027
1.3618506,0.22934727,0.93838805,0.033865597,0.38480595,0.98289496,3.940187,2.0,1.055898883410052
1.3844631,0.31142575,0.9460543,0.07556899,0.21644448,0.9664876,3.0326242,3.0,1.0768444998621989
1.3868599,0.30764794,0.93892044,0.08045263,0.22898252,0.96612364,3.4486191,4.0,1.0773174341484804
1.3608907,0.29398903,0.94403136,0.03457754,0.22194088,0.97847617,2.840612,5.0,1.062803190888707
1.3778585,0.27886528,0.94007003,0.08704996,0.2718261,0.97063786,3.439308,6.0,1.0741642919121914
1.372707,0.24332696,0.94206655,0.040677905,0.30054176,0.95538294,3.9142818,7.0,1.072871688051284
1.3421831,0.205945,0.9541472,0.016774474,0.267096,0.9761286,3.5417805,8.0,1.056903803345465
1.3714385,0.26361185,0.94232726,0.036847576,0.3753656,0.9659174,3.9408731,9.0,1.071762503304461
1.3581705,0.24506775,0.95124364,0.026053315,0.25632733,0.9825508,2.7820067,10.0,1.0558107640504133
1.3732675,0.27009463,0.9399066,0.06346643,0.27847338,0.971452,3.463952,11.0,1.0722829938535778
1.3887308,0.2803366,0.94107866,0.13670385,0.3011065,0.96298563,3.2395358,12.0,1.0785234713897658
1.3704301,0.32015926,0.94319177,0.056601405,0.2050707,0.9755436,2.8149648,13.0,1.0693871803792436
1.3869523,0.29649007,0.94998974,0.10036191,0.23535006,0.95566624,3.1071687,1.0,1.0786981427740407
1.3645687,0.24987903,0.9590886,0.049824603,0.17730713,0.9845256,2.9385219,2.0,1.056698530868613
1.3763893,0.30714557,0.9555177,0.15222208,0.12905055,0.97568595,2.4921596,3.0,1.071870989124526
1.3709574,0.2872344,0.9315655,0.09111101,0.2110579,0.9800712,2.6902356,4.0,1.0649139095406106
1.3762945,0.2640273,0.959079,0.0967521,0.23171687,0.96253556,3.1131375,5.0,1.0746621355618078
1.3702229,0.263094,0.9532341,0.090645544,0.22476679,0.9725906,2.9684021,6.0,1.0704774777998134
1.3796848,0.280787,0.94946253,0.09108498,0.23135617,0.9665619,2.907567,7.0,1.075331609928912
1.3754315,0.28180993,0.95028824,0.069822416,0.21834679,0.9687184,2.5110316,8.0,1.074040186368432
1.3665969,0.28465313,0.95145345,0.11838053,0.17343363,0.97916585,2.6579132,9.0,1.0653006552553816
1.3719473,0.2445667,0.94377697,0.13875668,0.1957145,0.9740102,2.663188,10.0,1.0705567109360727
1.3665301,0.26446074,0.95042515,0.09344663,0.21409965,0.97418976,2.5344443,11.0,1.0688087897372673
1.4010947,0.3353837,0.949623,0.19209841,0.19430584,0.9609406,2.8173652,12.0,1.0836420581199577
1.3687435,0.26750493,0.9489947,0.10010744,0.22188295,0.97361654,2.734966,13.0,1.069780425525979
1.3860312,0.27672368,0.9416064,0.10385999,0.31011796,0.95705944,3.8345323,1.0,1.077653147199979
1.3867663,0.2978408,0.94062465,0.08403086,0.24016957,0.96132106,3.5472715,2.0,1.0776143749578952
1.3878793,0.29177207,0.94037205,0.10387612,0.27334604,0.95981467,3.4348154,3.0,1.0781599607178045
1.368312,0.23915364,0.9423033,0.006126948,0.35366884,0.95392364,4.606816,4.0,1.0707676236523065
1.3809751,0.26802307,0.9402906,0.06580714,0.30352357,0.9575171,3.9856582,5.0,1.0750946022954435
1.3861673,0.2921968,0.94896173,0.06603981,0.18976732,0.9481376,2.9363937,6.0,1.0782670224432225
1.3796432,0.27224818,0.9441121,0.045147154,0.30899,0.9528153,4.0143795,7.0,1.074823564018375
1.376138,0.25835705,0.94215924,0.045552753,0.3166841,0.9558427,4.1955185,8.0,1.0737371895017955
1.3812811,0.27571696,0.94521785,0.047405493,0.24391194,0.9510148,3.592703,9.0,1.0757314985183786
1.3802035,0.2736123,0.9391008,0.056274373,0.27772862,0.95960695,3.8615513,10.0,1.0747440858178696
1.386379,0.2371083,0.9338838,0.18715972,0.36041194,0.96947473,3.1169631,11.0,1.0771994698244018
1.3776048,0.2652082,0.9436248,0.03766381,0.2802547,0.95418715,3.9572465,12.0,1.074051182457633
1.3774784,0.25934348,0.9319636,0.03680876,0.24869876,0.9600757,3.7994661,13.0,1.0735894227849114
1.3536241,0.2145426,0.94426,0.022865493,0.3008521,0.9730885,3.6481366,1.0,1.0632009964450606
1.3687675,0.2554321,0.94519246,0.050719835,0.31434304,0.9715042,3.552763,2.0,1.0699175563555932
1.3702652,0.25363,0.9475063,0.036418155,0.3094301,0.9587463,3.9885578,3.0,1.0723192420151946
1.3692356,0.24318635,0.9439274,0.047208276,0.28446713,0.9656042,3.6469207,4.0,1.0714487612016155
1.3748462,0.27602482,0.9448292,0.06448245,0.26981768,0.969121,3.1953993,5.0,1.073556635680774
1.3799529,0.2891396,0.9501967,0.059820566,0.2436217,0.96059626,3.1838386,6.0,1.0752312700331899
1.3685887,0.24937089,0.9478552,0.059775013,0.1913559,0.9846397,2.7339458,7.0,1.0578502212590106
1.3655548,0.22784005,0.9534978,0.049857084,0.18999743,0.9855755,2.934864,8.0,1.055042539489665
1.3676394,0.24570674,0.94795233,0.044794835,0.28275558,0.9684528,3.5996845,9.0,1.0705617423802654
1.3563583,0.24962695,0.9497551,0.06954765,0.23343328,0.97638476,3.1029513,10.0,1.063181662022935
1.3617623,0.2415008,0.95364463,0.043379236,0.28772092,0.97161067,3.37661,11.0,1.0677211910919109
1.367029,0.2441979,0.9454082,0.044977743,0.27818224,0.9712085,3.455029,12.0,1.069145817466596
1.3616176,0.24568285,0.9467343,0.04390423,0.27653158,0.97259927,3.4379458,13.0,1.0672451170568147
1.3586911,0.23835519,0.94491446,0.09806725,0.3136895,0.9790782,3.1149411,1.0,1.061237435740333
1.3780556,0.26324284,0.9415865,0.08976317,0.31989536,0.9656672,3.5374749,2.0,1.0745502813956311
1.3493266,0.23930103,0.94374263,0.010568576,0.37817654,0.97852147,3.9646432,3.0,1.0570683601122712
1.367945,0.27899456,0.96399355,0.043911844,0.315263,0.98521,4.329422,4.0,1.0583980769514305
1.3811643,0.27967617,0.943633,0.0931165,0.28156558,0.9666212,3.219716,5.0,1.0755413172352266
1.3733947,0.25867414,0.9423742,0.06437869,0.3132081,0.9658315,3.6116447,6.0,1.0730591311055941
1.3671106,0.23584114,0.946561,0.033178873,0.36126965,0.9592184,4.3062477,7.0,1.0705676905639943
1.348779,0.2222953,0.95022094,0.0104542915,0.4819044,0.9811603,4.3293467,8.0,1.0524555446895758
1.3723389,0.26877245,0.9437856,0.070616186,0.31635287,0.97122073,3.488919,9.0,1.0722517446953643
1.3613272,0.26139265,0.94578034,0.049891684,0.34407184,0.97391593,3.7868652,10.0,1.0668869513832162
1.3640317,0.28622094,0.943603,0.043494597,0.2902158,0.974939,3.3664188,11.0,1.0671185696204197
1.3546268,0.26277244,0.9536885,0.043812986,0.3314596,0.9799061,4.055551,12.0,1.0592855636797418
1.3565392,0.20537446,0.94790745,0.019930389,0.4728705,0.98320395,4.4454503,13.0,1.0517273169170536
1.3811831,0.3297099,0.9527031,0.044203505,0.23275635,0.9689149,2.9984658,1.0,1.0758864024786998
1.371724,0.21075639,0.9392948,0.09428926,0.27878192,0.9856687,3.048695,2.0,1.0575940578896887
1.3664626,0.29137293,0.9530716,0.056770418,0.20712441,0.98206186,3.1873505,3.0,1.0611737489521318
1.3744657,0.27572027,0.94549716,0.052065846,0.25691485,0.96616066,3.5866892,4.0,1.0735014998992085
1.3633215,0.2598938,0.9476347,0.09629518,0.21713728,0.98043066,2.50687,5.0,1.0617986866516242
1.3718457,0.270895,0.94547546,0.0686591,0.24481927,0.97213435,3.3227234,6.0,1.0710814032356424
1.3628123,0.24702235,0.9432134,0.07366538,0.26257563,0.98174787,3.1741467,7.0,1.059641059474676
1.3740909,0.28990015,0.946268,0.07252084,0.22610393,0.9727156,3.0600653,8.0,1.0718773895208278
1.3627294,0.26310414,0.94651204,0.06774338,0.25030962,0.9815683,3.3191118,9.0,1.060437897319093
1.3600955,0.26881194,0.9467707,0.06653912,0.245892,0.97659105,3.1742277,10.0,1.0642697631580291
1.3580328,0.2534579,0.9408899,0.05810244,0.28112817,0.97668564,3.1580083,11.0,1.063209536493741
1.3662233,0.26652262,0.93904424,0.05690642,0.24520613,0.973737,3.4806547,12.0,1.0680591138469449
1.355527,0.26389828,0.94414866,0.023068456,0.31104502,0.978593,3.7572665,13.0,1.059615373936182
1.3753252,0.27323306,0.9440243,0.04502655,0.29203403,0.9624724,3.776944,1.0,1.0736752563030838
1.3726854,0.2660912,0.9461784,0.044677485,0.27895328,0.96391505,3.8545902,2.0,1.0729881441278728
1.3707803,0.26852512,0.94411045,0.050078012,0.266067,0.9716293,3.5299995,3.0,1.0708051102845912
1.3781041,0.2776442,0.93567544,0.15874314,0.30455872,0.9754469,3.0206137,4.0,1.071833969272254
1.3698694,0.28307533,0.9519959,0.040293485,0.23270711,0.9717032,3.391602,5.0,1.0706657057654105
1.4504813,0.5306415,0.93080014,0.21141616,0.2367697,0.7963437,3.5655408,6.0,1.104015179692095
1.3477985,0.2484472,0.9567012,0.0061684074,0.31363985,0.97580194,4.0005026,7.0,1.0599035709991644
1.3753263,0.25168422,0.9400652,0.11538908,0.31209967,0.97157943,3.328346,8.0,1.073039131530899
1.3705686,0.26886377,0.9451281,0.043173995,0.28115585,0.9705522,3.6003652,9.0,1.0714207429240268
1.3678985,0.2666687,0.94887686,0.014847154,0.28069088,0.9848059,3.6032927,10.0,1.0569700081317845
1.3686898,0.25940755,0.9449299,0.076503135,0.28594714,0.97285986,3.4246962,11.0,1.0695889621458787
1.3739885,0.27166313,0.94220716,0.09968015,0.29397574,0.9730711,3.3444455,12.0,1.071272340110364
1.371292,0.2654476,0.9499388,0.03570286,0.2747968,0.96105975,4.0497446,13.0,1.0727112253459459
1.355823,0.23930119,0.93607557,0.034830064,0.30582556,0.9796481,3.6413605,1.0,1.0584658992991007
1.3600925,0.22755331,0.9455103,0.0012525825,0.33400223,0.9698575,3.930964,2.0,1.0666567651866772
1.5534058,0.53609824,0.72089964,0.8206563,0.020886898,0.5457797,4.6180267,3.0,1.1159915016246564
1.357032,0.26278007,0.9455186,0.047669858,0.2924624,0.9765268,3.38074,4.0,1.0630584226292283
1.4831493,0.39193866,0.8321796,0.4358169,0.15151937,0.76079947,3.9842126,5.0,1.107265749496668
1.3677484,0.24964386,0.9467748,0.030704513,0.29062283,0.96810484,3.8363073,6.0,1.070271676814117
1.3601447,0.2765233,0.94277656,0.023770118,0.30408508,0.97563404,3.9868877,7.0,1.0640386316734995
1.3620173,0.25632143,0.9477688,0.06602673,0.260874,0.97375816,3.215876,8.0,1.0673644247834357
1.3449217,0.20977147,0.94506127,0.0064551104,0.23769291,0.97633123,3.4971616,9.0,1.057030917135806
1.355709,0.21339814,0.945607,0.040133484,0.25551155,0.9823423,3.0304074,10.0,1.054827988223253
1.3525844,0.24243881,0.94566816,0.039718784,0.2795988,0.9769237,3.3955197,11.0,1.0609449247485123
1.3550819,0.22900136,0.9449639,0.018090045,0.30412975,0.97332215,3.6545167,12.0,1.063664455857325
1.35373,0.2510511,0.94402164,0.024553094,0.29224953,0.97620857,3.7195792,13.0,1.061627812688924
1.3577323,0.26033705,0.9466745,0.038089614,0.28657967,0.9805313,3.448664,1.0,1.0589091559230541
1.3704975,0.25436333,0.943558,0.052204367,0.2983861,0.96922135,3.6825714,2.0,1.0716890430398103
1.3467423,0.22176838,0.96674573,0.044837642,0.2800633,0.9745268,3.2175176,3.0,1.0614977809040664
1.3549244,0.23604904,0.95158327,0.04343518,0.24642277,0.98113716,3.252023,4.0,1.056846550056438
1.3570411,0.254309,0.94808304,0.0656472,0.28096315,0.97615486,3.1311657,5.0,1.0635302532209767
1.3591298,0.23895979,0.9454289,0.088781826,0.26728383,0.9759206,3.1851115,6.0,1.0643595282034084
1.3543346,0.21418113,0.95472467,0.059793938,0.2581838,0.98209906,3.4124408,7.0,1.0555332063454865
1.3641169,0.20730649,0.9595467,0.039008565,0.30893517,0.98671484,3.3136861,8.0,1.0516112442087755
1.3565757,0.21770455,0.9539797,0.04023191,0.32236516,0.98306453,3.5082352,9.0,1.0542658187349008
1.3498803,0.21987537,0.9641208,0.008729619,0.31083766,0.9826487,3.6501086,10.0,1.0519013529542303
1.3544401,0.24544081,0.94923186,0.056407984,0.28331366,0.9799288,3.4299715,11.0,1.0591326496128795
1.352789,0.23192064,0.9498981,0.06798115,0.31771442,0.97942454,3.3919804,12.0,1.0588142885722178
1.3480422,0.2055119,0.96234405,0.026159814,0.31079692,0.9821271,3.855717,13.0,1.0521315739226489
1.3497574,0.23706296,0.948241,0.011491486,0.22115012,0.97582465,3.9075253,1.0,1.0603128434700169
1.3477513,0.22444789,0.94613737,0.003487604,0.39076465,0.97477025,4.771653,2.0,1.0599716011564322
1.3573097,0.26715127,0.95067394,0.06997489,0.25225988,0.97815186,3.3456492,3.0,1.062284881994417
1.3830646,0.2943436,0.9486014,0.10800146,0.25556278,0.96924883,3.4450161,4.0,1.0765283790186337
1.3548148,0.24301603,0.9509766,0.03813326,0.30708268,0.97468024,3.6522827,5.0,1.0633798437011404
1.3568568,0.2787215,0.94827455,0.02772572,0.29300728,0.9786451,3.7505093,6.0,1.060579572646943
1.3670176,0.25442955,0.94623476,0.052223183,0.30991644,0.9717753,3.677871,7.0,1.0690294539855478
1.3673222,0.24764477,0.9459741,0.022230016,0.32897386,0.9661518,4.183642,8.0,1.069747246707301
1.3626463,0.2587838,0.9476479,0.030663786,0.31440648,0.9723633,3.9975877,9.0,1.0674462432269953
1.3546588,0.25466034,0.9475649,0.047059737,0.2907368,0.97688115,3.5766444,10.0,1.0622540333439037
1.3566718,0.28225195,0.94794565,0.019297937,0.26603642,0.97724634,4.1458645,11.0,1.0621151367798845
1.3535287,0.23714808,0.9496175,0.0061996477,0.3389087,0.98174566,4.1881394,12.0,1.0545303351923385
1.3534105,0.25006607,0.94507027,0.040612884,0.31779587,0.97776854,3.6349912,13.0,1.0601418788900634
1.3577664,0.25602055,0.9447118,0.0526775,0.2955134,0.97578365,3.4406602,1.0,1.0637453004393949
1.4388505,0.39322582,0.93755233,0.12891799,0.2702868,0.8867923,3.5215147,2.0,1.0981590058545332
1.3577194,0.26349905,0.94416445,0.052055713,0.25388116,0.97738004,3.2838206,3.0,1.0627253026338008
1.4084141,0.3268046,0.9417219,0.09118248,0.28100273,0.93208796,3.4512258,4.0,1.086511721260539
1.3581325,0.2550875,0.95221454,0.041495726,0.23172726,0.98153824,3.1416783,5.0,1.0579742212175767
1.3857541,0.29827985,0.94494784,0.07149405,0.27094245,0.95471406,3.3126051,6.0,1.0778788790821083
1.3590469,0.27827743,0.95502055,0.034774162,0.19075094,0.9752274,2.8498383,7.0,1.065117763258184
1.3581046,0.25684825,0.94815964,0.045473013,0.25873297,0.97522783,3.197075,8.0,1.0644141903214999
1.3604246,0.26596436,0.94622755,0.040147312,0.2683825,0.9747566,3.3837209,9.0,1.0654013827381585
1.3620795,0.26364416,0.9439568,0.06688765,0.2939317,0.975501,3.3898993,10.0,1.0659572151366843
1.3574952,0.26918647,0.9529726,0.07575606,0.25576743,0.97839695,2.8136878,11.0,1.062363056736165
1.3571652,0.23797376,0.9376127,0.05175894,0.3936212,0.9794069,3.9692128,12.0,1.058937244309985
1.3469886,0.20820701,0.9456593,0.0350818,0.39532053,0.9787505,4.144063,13.0,1.0553908386678004
